index,char,frequency
0,　,442106706
1,:,249599108
2, ,201943161
3,.,69200069
4,/,44447386
207,",",31447386
5,|,26533418
6,",19561073
7,_,18976711
8,',18403602
9,i,18057176
10,;,16479584
11,／,14209466
12,＼,12905915
13,-,12785166
14,ﾆ,12401429
15,ニ,10942284
16,l,10243972
17,ヽ,9946266
18,､,8754623
19,＿,7653593
20,￣,7446330
21,},7244327
22,{,7097142
23,=,6091069
24,!,5919094
25,｀,5473318
26,´,5439266
27,二,4814209
28,‐,4522605
29,三,3854198
30,、,3009044
31,`,2999267
32,ﾉ,2751472
33,∧,2735920
34,∨,2516919
35,⌒,2513055
36,"""",2463664
37,ノ,2418332
38,r,2215443
39,＞,2200937
40,―,2066493
41,V,2033478
42,j,2005186
43,ﾞ,1817941
44,ﾊ,1779418
45,¨,1685694
46,ｲ,1655670
47,ﾍ,1613924
48,─,1612417
49,＜,1596464
50,ー,1522730
51,),1494655
52,ｌ,1451106
53,イ,1438118
54,ｉ,1433698
55,′,1431412
56,ｰ,1414708
57,(,1406933
58,ヾ,1398078
59,ゝ,1271667
60,〉,1243973
61,〈,1130065
62,丶,1105145
63,ミ,1010388
64,八,1009269
65,~,1009097
66,ｨ,979652
67,≧,968281
68,ﾄ,917673
69,Y,909837
70,7,869893
71,ィ,865989
72,乂,836914
73,>,810084
74,≦,803429
75,^,783662
76,｡,757091
77,ﾘ,755894
78,人,733126
79,彡,709782
80,ﾐ,699385
81,｜,696951
82,，,662151
83,x,652522
84,く,644391
85,＝,641912
86,ハ,621382
87,f,592330
88,ﾟ,570837
89,ﾑ,557497
90,‘,549826
91,ト,541591
92,ﾏ,536203
93,从,522956
94,z,507439
95,）,482902
96,<,453296
97,〃,448851
98,ｧ,442630
99,（,433923
100,「,417627
101,ﾚ,414854
102,L,414024
103,ｒ,380522
104,ゞ,378367
105,＾,375281
106,s,358817
107,～,344888
108,u,343655
109,∠,339695
110,│,335064
111,」,327295
112,ｿ,324317
113,o,320474
114,v,317076
115,｛,313028
116,圭,300108
117,〕,286780
118,∥,285200
119,。,276879
120,｝,270430
121,斗,268834
122,し,265657
123,へ,265120
124,],262360
125,゛,252184
126,．,250815
127,X,248959
128,┐,248195
129,√,245356
130,’,245068
131,ア,238354
132,Ⅵ,231392
133,1,231207
134,厂,230455
135,弋,230359
136,t,227057
137,ｊ,226226
138,[,225890
139,└,221025
140,ｱ,220955
141,７,217826
142,T,211193
143,…,209742
144,｢,206759
145,Ｖ,204031
146,〔,200195
147,┘,197085
148,｣,194797
149,ｘ,193540
150,寸,191255
151,ソ,188436
152,爻,187685
153,ヘ,182850
154,≠,179813
155,一,177962
156,ﾌ,177667
157,┴,177548
158,・,173826
159,y,170885
160,ﾔ,168322
161,Ｙ,168043
162,γ,165534
163,ム,164748
164,フ,152901
165,辷,150216
166,：,144552
167,廴,143611
168,レ,142390
169,┬,136743
170,厶,136171
171,ｭ,135099
172,丿,132087
173,0,127842
174,+,127201
175,》,126540
176,I,124564
177,*,122724
178,￢,121402
179,－,120617
180,ｆ,120597
181,《,119689
182,い,116907
183,h,115714
184,У,115047
185,Λ,114910
186,ン,111994
187,；,110970
188,ﾒ,110530
189,っ,110229
190,┌,110213
191,！,109804
192,つ,109545
193,冖,108597
194,こ,108380
195,て,107921
196,マ,107699
197,う,104736
198,込,104664
199,个,104490
200,リ,101722
201,ん,100550
202,ｯ,99009
203,O,98431
204,メ,98047
205,k,97270
206,ァ,96469
208,ぅ,94101
209,入,92930
210,ツ,92092
211,N,91114
212,ｚ,87948
213,㍉,87157
214,┼,84824
215,U,83270
216,ｪ,81320
217,○,81181
218,川,80968
219,心,79593
220,Ｌ,79515
221,ﾝ,79325
222,ﾋ,79300
223,Z,78168
224,州,78113
225,J,77815
226,ｈ,74919
227,≡,74711
228,⊂,73725
229,ｼ,72287
230,Ⅳ,71233
231,ﾙ,70270
232,W,69074
233,c,67648
234,･,66213
235,ｖ,65298
236,と,64969
237,λ,64084
238,の,63862
239,り,63221
240,ﾂ,63078
241,#,62173
242,゜,61869
243,圦,61125
244,”,58719
245,ﾃ,58306
246,ｔ,57475
247,≫,57045
248,洲,55870
249,ι,54809
250,丁,54530
251,シ,53602
252,に,53456
253,Ｘ,53442
254,小,52663
255,ﾁ,52516
256,ｫ,52381
257,彳,52135
260,⊃,50765
261,ル,50391
262,示,50366
263,た,50010
264,┤,49951
265,n,49597
266,笊,49574
267,ｬ,49170
268,な,45736
269,ｎ,45196
270,ッ,44488
271,2,43314
272,K,43193
273,⊥,43003
274,≪,42743
275,Ⅶ,42538
276,爪,42103
277,├,41273
278,ス,40318
279,″,39862
280,ク,39635
281,w,39572
282,ｙ,39182
283,冫,38895
284,∩,38315
285,Ｔ,38298
286,刈,36955
287,匕,36237
288,ｓ,34814
289,ラ,34783
290,ｸ,33672
291,Υ,33368
292,￤,33102
293,じ,33073
294,ｷ,32906
295,か,32888
296,沁,32195
297,8,32059
298,１,31493
299,ｺ,30993
300,Ξ,30759
301,ｏ,30741
302,十,30730
303,テ,30679
304,や,30527
305,芹,30355
306,闇,30165
307,∪,29898
308,ヒ,29704
309,斧,29633
310,る,29330
311,ら,29265
312,は,29231
313,宀,28950
314,Ｏ,28608
315,弌,28454
316,ド,28258
317,で,27995
318,※,27757
319,介,27623
320,七,27406
321,だ,27268
322,升,27134
323,少,26737
324,芯,26630
326,ぃ,26564
327,そ,26381
328,了,26359
329,王,25856
330,代,25670
331,コ,25503
332,ﾛ,25427
333,A,25411
334,竺,25269
335,C,25171
336,∟,25063
337,云,24275
338,才,24175
339,Ｎ,24119
340,仁,24078
341,“,24016
342,°,23808
343,エ,23653
344,淡,23650
345,ｴ,23560
348,〆,23364
349,ｾ,23178
350,ﾅ,23094
351,タ,23009
352,㌢,22652
353,Ｚ,22486
354,ナ,22379
355,∴,22312
356,ジ,22078
357,が,21946
358,日,21894
359,ｵ,21786
360,ュ,21531
361,Ⅷ,21089
362,ロ,21021
363,Ⅴ,20958
364,分,20745
365,气,20744
366,れ,20673
367,あ,20412
368,ﾕ,20411
369,０,20331
370,%,20109
371,ｦ,20051
372,ま,19953
373,［,19711
374,］,19643
375,癶,19620
376,灯,19352
377,ﾗ,19244
378,ｽ,19195
379,も,19107
380,す,19055
381,∵,18919
382,孑,18867
383,Τ,18762
384,ャ,18599
385,ェ,18446
386,チ,18352
387,H,18219
388,差,18147
389,下,18055
390,キ,17971
391,芋,17868
392,ｋ,17727
393,を,17664
394,斥,17526
395,×,17359
396,え,17335
397,ヮ,17118
398,よ,16939
399,さ,16785
400,E,16781
401,㌻,16573
402,ヤ,16570
403,お,16546
404,F,16545
405,最,16440
406,ﾀ,16348
408,Ｊ,16240
410,乙,16156
411,И,16117
412,M,16114
413,Ｕ,16069
414,a,15771
415,オ,15603
416,カ,15601
417,新,15400
418,e,15251
419,森,15047
420,巛,14961
421,ヲ,14824
422,丈,14733
423,バ,14689
424,終,14677
425,ち,14621
426,ｃ,14573
427,ｕ,14536
428,ﾇ,14526
429,工,14396
430,仆,14198
431,更,14131
432,勹,14107
433,大,14104
434,鬱,14104
435,5,13891
436,き,13839
437,匚,13684
438,‥,13557
439,口,13332
440,＊,13190
441,ぇ,13035
442,狄,13012
443,ﾖ,12903
444,＠,12902
445,Ｗ,12834
446,ζ,12824
447,＋,12754
448,炒,12677
449,Χ,12593
450,广,12579
451,3,12326
452,ｶ,12222
453,6,12182
454,？,11991
455,ｩ,11904
456,ゃ,11795
457,9,11716
458,\,11678
459,ォ,11642
460,わ,11622
461,υ,11612
462,ブ,11574
463,4,11464
464,以,11287
465,只,11027
466,@,10871
467,土,10848
468,子,10796
469,卜,10752
470,□,10700
471,Ν,10692
472,冂,10622
473,◇,10608
475,〟,10542
476,公,10463
477,g,10436
478,ο,10417
479,ユ,10350
480,け,10237
481,叭,10199
482,R,10125
483,卞,10113
484,ウ,10109
485,ぐ,10031
486,℡,9976
487,ふ,9935
488,弐,9879
489,戈,9872
490,Ｉ,9861
491,ｗ,9822
492,＆,9822
493,∞,9715
494,ｹ,9444
495,モ,9358
496,ｮ,9283
497,ⅱ,9280
498,上,9255
499,∀,9248
500,汽,9186
501,サ,9146
502,不,9139
503,d,9132
504,デ,8896
505,グ,8888
506,‰,8846
507,行,8808
508,S,8797
509,m,8773
510,％,8704
511,プ,8664
512,ガ,8663
513,み,8656
514,ね,8610
515,芥,8588
517,戔,8473
518,ヨ,8396
519,沙,8396
521,ヌ,8339
522,仏,8324
523,匸,8323
524,抖,8311
525,Ｋ,8139
526,ど,8126
527,絲,8107
528,ろ,8076
529,ダ,8034
530,田,7908
531,ⅰ,7785
532,幵,7694
533,井,7658
534,ﾓ,7521
535,千,7462
536,必,7447
537,め,7411
538,ケ,7327
539,炎,7274
540,ベ,7138
541,Ⅹ,7125
542,赱,7043
543,?,7032
544,ひ,7022
545,パ,6932
546,ワ,6891
547,▽,6869
548,b,6840
549,べ,6831
550,之,6782
551,斤,6775
552,守,6756
553,凵,6745
554,劣,6695
556,ν,6601
558,せ,6441
559,卍,6432
560,§,6413
561,戀,6386
562,弍,6360
563,ズ,6349
564,ネ,6346
565,⊆,6264
566,P,6261
567,竿,6162
568,乍,6142
569,目,6071
570,＇,6033
571,ⅵ,6013
572,山,5981
573,水,5980
574,亠,5957
575,壬,5956
576,艾,5924
577,Ｃ,5871
578,＃,5846
579,ﾎ,5836
580,㍊,5789
581,㏍,5679
582,ョ,5677
583,乃,5648
584,父,5645
585,ビ,5643
586,亅,5626
587,竓,5582
588,圷,5580
589,ご,5460
590,D,5372
591,薔,5367
592,ｻ,5343
593,干,5305
594,→,5285
595,≒,5252
596,ゴ,5250
597,←,5248
598,苡,5238
599,儿,5221
600,己,5218
601,天,5190
602,p,5177
603,刀,5176
604,気,5160
605,ξ,5057
606,冬,5054
607,本,5039
608,セ,5014
609,丨,4985
610,莎,4982
611,Γ,4965
612,ﾈ,4965
613,茫,4947
614,女,4945
615,Σ,4890
616,ボ,4872
618,ぞ,4856
619,々,4852
620,夊,4826
621,回,4789
622,∫,4727
623,鑾,4715
624,⊇,4691
625,火,4651
626,士,4639
627,表,4616
628,芍,4615
629,∽,4592
630,Д,4589
632,元,4506
633,情,4495
634,乏,4494
635,G,4479
636,夕,4444
637,卅,4430
638,手,4425
639,又,4416
640,中,4401
641,丐,4387
642,歹,4351
643,℃,4326
644,㌣,4277
645,生,4276
647,私,4251
648,死,4248
649,ば,4247
650,批,4243
652,比,4217
653,衛,4212
654,〝,4207
655,ﾜ,4190
656,ぁ,4172
657,Ａ,4157
658,几,4133
659,ゆ,4115
660,今,4102
661,禊,4099
662,㌧,4064
663,綴,4061
664,旦,4060
665,木,4055
666,$,4010
667,ホ,4005
668,８,4001
669,ょ,3990
670,伝,3984
671,匁,3966
672,前,3943
673,Г,3874
674,無,3871
675,幺,3869
676,ｳ,3847
677,о,3841
678,廾,3831
679,ザ,3755
680,芸,3750
681,＂,3718
682,衍,3674
683,戦,3663
684,Ｈ,3616
685,ヶ,3590
686,ｍ,3568
687,蠶,3559
688,神,3545
689,ヴ,3526
690,久,3523
691,魔,3521
692,ギ,3502
693,出,3488
694,化,3479
695,寺,3466
696,仡,3465
697,㌃,3454
699,Ζ,3432
700,&,3406
701,外,3402
702,符,3361
703,些,3345
704,泛,3345
705,Q,3345
706,見,3337
707,φ,3323
708,勿,3321
709,ゾ,3305
710,Π,3276
711,丕,3266
712,Θ,3248
713,∬,3247
714,ピ,3244
715,巧,3236
716,此,3231
717,ヵ,3228
718,月,3215
719,Ｅ,3198
720,ヱ,3193
722,抃,3184
723,仗,3164
724,伐,3163
725,刋,3144
726,奎,3144
727,国,3139
728,全,3132
729,㌦,3110
730,亡,3101
731,爿,3093
732,力,3082
733,厄,3079
734,数,3075
735,野,3074
736,会,3052
737,他,3050
738,B,3048
740,美,3014
741,品,2995
742,仄,2994
744,言,2991
745,ω,2988
746,筏,2979
747,ず,2970
748,術,2954
749,τ,2947
750,何,2914
752,毛,2902
753,羔,2895
754,乞,2890
755,Ｆ,2890
756,恣,2888
758,Ｍ,2878
759,ポ,2847
760,ゲ,2847
761,仍,2847
762,間,2841
763,ぶ,2817
764,米,2748
765,杙,2744
767,Ο,2739
768,災,2732
769,装,2722
770,ゅ,2712
771,者,2711
772,σ,2695
773,ゥ,2683
774,㌍,2678
775,事,2669
776,勺,2666
777,２,2660
778,万,2653
779,主,2648
780,亥,2636
781,ほ,2633
782,ヅ,2615
783,長,2614
784,慫,2613
785,夂,2594
786,獣,2592
787,忙,2581
788,む,2580
789,q,2575
790,㌘,2563
791,ｄ,2556
793,花,2550
794,Т,2535
795,汐,2521
796,ぬ,2512
797,９,2494
798,佳,2478
799,坏,2457
800,Х,2456
801,げ,2452
802,複,2446
803,辻,2442
804,д,2413
805,㌔,2395
806,衣,2391
807,作,2388
808,㍗,2383
809,聿,2363
810,部,2344
811,抒,2332
812,兀,2315
813,白,2311
814,ペ,2310
815,戸,2310
816,芳,2307
817,づ,2304
818,О,2297
819,林,2279
820,時,2272
821,び,2271
822,ゎ,2265
823,刃,2262
824,立,2258
825,方,2256
826,仝,2254
827,廻,2252
828,体,2251
829,Ω,2249
830,靈,2246
831,地,2245
832,太,2233
833,３,2225
834,豸,2225
835,ぜ,2217
836,雫,2216
837,悪,2195
838,物,2190
839,空,2176
840,然,2174
841,片,2170
842,面,2159
843,軈,2159
844,６,2140
845,機,2135
846,豼,2129
847,苅,2127
848,欒,2120
849,六,2117
850,思,2111
851,星,2109
852,η,2101
855,↓,2079
856,互,2070
857,用,2058
858,宍,2054
859,世,2051
860,器,2041
861,高,2035
862,北,2030
863,石,2027
864,年,2014
865,様,2013
866,ゼ,2001
867,望,2000
868,来,1996
869,黒,1983
870,病,1974
871,式,1970
872,呪,1958
873,Ⅸ,1941
874,尖,1935
875,合,1931
876,赤,1928
877,♀,1919
878,±,1910
879,笏,1910
880,郎,1906
881,什,1903
882,扞,1899
883,海,1899
884,㌫,1896
885,正,1884
886,真,1871
887,風,1854
888,名,1853
889,似,1852
890,弖,1846
891,溺,1844
892,圏,1834
893,自,1830
894,法,1829
895,愛,1822
896,芝,1818
897,∋,1814
898,防,1803
899,殺,1803
900,蕊,1783
901,俺,1778
902,↑,1773
903,夫,1768
904,姫,1754
905,∂,1753
906,後,1744
907,χ,1743
908,ぎ,1724
909,芒,1724
910,泌,1723
911,使,1706
912,道,1698
913,ⅳ,1689
914,ぉ,1679
915,禾,1678
916,金,1674
917,光,1671
918,文,1661
919,城,1654
920,∈,1651
921,食,1651
922,原,1642
923,変,1642
924,￡,1640
925,苧,1638
926,拆,1637
927,希,1629
928,同,1624
929,先,1620
930,付,1616
931,Ⅲ,1613
932,Ⅱ,1608
933,θ,1607
934,楽,1598
935,剣,1596
936,旡,1592
937,佗,1585
938,ぱ,1584
939,皿,1576
940,島,1569
941,男,1567
942,絶,1567
943,九,1563
944,玉,1562
945,淤,1560
946,乢,1559
947,㍍,1559
948,家,1555
949,武,1549
950,通,1540
951,非,1537
952,迄,1535
953,尓,1523
954,包,1523
955,迅,1523
956,蒼,1523
957,及,1519
958,葉,1518
959,廿,1515
960,①,1509
961,動,1502
962,身,1491
963,基,1485
964,多,1482
965,┷,1479
966,汀,1475
967,場,1473
968,怒,1472
969,妣,1469
970,個,1469
971,江,1459
972,Ч,1448
973,着,1446
974,Ц,1445
975,ｂ,1440
976,成,1438
977,４,1438
978,宮,1435
979,卩,1432
980,止,1427
981,学,1427
982,庁,1420
983,戎,1419
984,臣,1418
985,五,1413
986,理,1408
987,艦,1407
988,知,1404
989,５,1403
990,苳,1399
991,迂,1396
992,∝,1395
993,囗,1395
994,可,1391
995,羽,1390
996,μ,1388
997,┸,1382
998,弓,1374
999,明,1370
1000,持,1368
1001,δ,1364
1002,炸,1363
1003,㌶,1363
1004,Л,1357
1005,向,1349
1006,价,1348
1007,門,1348
1008,左,1346
1009,服,1335
1010,性,1328
1011,于,1328
1012,音,1325
1013,界,1319
1014,π,1316
1015,東,1311
1016,№,1310
1017,形,1309
1018,Ｓ,1308
1019,我,1303
1020,κ,1292
1021,対,1289
1022,冊,1279
1023,四,1275
1024,瓜,1267
1025,Ｑ,1265
1026,鬼,1264
1027,藤,1261
1028,灼,1252
1029,車,1252
1030,予,1251
1031,別,1251
1032,它,1246
1033,和,1243
1034,次,1240
1035,丞,1236
1036,Ж,1232
1037,㍑,1229
1038,匝,1228
1039,番,1226
1040,顔,1226
1041,夾,1225
1042,尤,1218
1043,切,1217
1044,靏,1217
1045,夜,1211
1046,炙,1210
1048,好,1207
1049,君,1202
1050,仞,1202
1051,氷,1200
1052,薇,1189
1053,近,1188
1054,冗,1187
1055,度,1187
1056,兄,1186
1057,烈,1185
1058,影,1179
1059,実,1176
1060,у,1173
1061,型,1169
1062,叨,1168
1063,刄,1166
1064,隊,1166
1065,達,1166
1066,平,1165
1067,傘,1160
1068,ρ,1159
1069,開,1157
1070,欟,1156
1071,茶,1154
1072,村,1153
1073,半,1152
1074,歩,1149
1075,屋,1147
1076,味,1142
1077,系,1142
1078,当,1139
1079,良,1135
1080,ぼ,1133
1081,允,1133
1082,愀,1133
1083,撃,1129
1084,暗,1129
1085,夭,1125
1086,発,1123
1087,話,1122
1088,Å,1121
1089,祓,1121
1090,艸,1116
1091,闘,1113
1092,縱,1110
1093,兵,1107
1094,軍,1105
1095,派,1103
1096,赫,1099
1097,為,1096
1098,丸,1096
1099,飛,1091
1100,巡,1087
1101,棗,1086
1102,ぷ,1085
1103,ざ,1084
1104,松,1077
1105,爨,1072
1106,引,1068
1107,┥,1066
1108,冰,1061
1109,蕀,1056
1110,巨,1053
1111,感,1052
1112,從,1051
1113,黄,1050
1114,苹,1049
1115,杉,1047
1116,内,1046
1117,￥,1038
1118,￠,1038
1119,強,1035
1120,夢,1034
1121,繁,1034
1122,結,1032
1123,ψ,1031
1124,流,1028
1125,㏄,1024
1126,華,1023
1127,♂,1022
1128,処,1020
1129,尨,1018
1130,嬲,1017
1131,壁,1014
1132,版,1013
1133,卯,1011
1134,乳,1007
1135,圻,1003
1136,号,999
1137,霊,999
1138,台,998
1139,也,998
1140,団,998
1141,ⅷ,995
1142,態,995
1143,ａ,991
1144,馬,989
1145,所,988
1146,迩,988
1147,囚,988
1148,奈,987
1149,㎜,985
1150,有,984
1151,妖,983
1152,谷,982
1153,薯,982
1154,肉,981
1155,衢,979
1156,匀,978
1157,西,976
1158,区,975
1159,Ｒ,975
1160,丑,975
1161,犬,974
1162,与,971
1163,連,970
1164,信,969
1165,句,967
1166,超,962
1167,香,962
1168,崎,960
1169,意,957
1170,怪,954
1171,龍,950
1172,命,948
1173,頭,943
1174,早,943
1175,画,938
1176,丱,937
1177,犲,935
1178,佐,935
1179,宇,932
1180,円,932
1181,┝,930
1182,甘,929
1183,紗,927
1184,勝,927
1185,第,923
1186,α,922
1187,街,910
1188,Ｄ,909
1189,怨,909
1190,等,907
1191,Φ,907
1192,園,905
1193,友,904
1194,任,897
1195,京,897
1196,♯,894
1197,糸,894
1198,能,893
1199,右,892
1200,双,891
1201,ε,890
1202,紕,888
1203,∮,886
1204,亀,885
1205,貴,882
1206,仕,878
1207,義,878
1208,凡,877
1209,里,876
1210,翼,875
1211,呂,872
1212,百,872
1213,員,871
1214,ⅴ,870
1215,桜,870
1216,ｅ,869
1217,青,861
1218,仮,861
1219,Ｇ,856
1220,誰,856
1221,兮,855
1222,刎,854
1223,鑿,853
1224,電,848
1225,笑,847
1226,竜,847
1227,雪,845
1228,Ｐ,843
1229,頬,843
1230,獄,839
1231,相,838
1232,弁,833
1233,備,831
1234,矛,831
1235,御,827
1236,ぽ,827
1237,穴,826
1238,窃,825
1239,彑,823
1240,∑,819
1241,轟,819
1242,鏡,819
1243,期,818
1244,古,817
1245,叩,816
1246,市,816
1247,欝,816
1248,的,813
1249,春,812
1250,教,812
1251,豕,810
1252,司,810
1253,違,805
1254,ⅲ,804
1255,囲,804
1256,重,803
1257,噐,803
1258,亜,798
1259,茨,798
1260,忝,789
1261,沢,789
1262,г,788
1263,参,788
1264,血,788
1265,辺,786
1266,秋,784
1267,足,783
1268,羽,782
1269,凸,779
1270,色,778
1271,鬥,778
1272,貅,777
1273,羊,775
1274,伊,774
1275,叱,774
1276,線,773
1277,安,771
1278,束,771
1279,初,769
1280,笄,769
1281,圧,766
1282,吉,765
1283,関,764
1284,聞,763
1285,闡,761
1286,由,759
1287,恋,759
1288,座,758
1289,ｐ,758
1290,眉,758
1291,特,756
1292,広,756
1293,利,756
1294,∃,754
1295,萬,754
1296,鉄,753
1297,笠,752
1298,条,750
1299,静,749
1300,鳥,748
1301,俐,746
1302,疊,746
1303,廷,746
1304,蛙,745
1305,髪,744
1306,醸,743
1307,志,743
1308,永,743
1309,抓,742
1310,憎,742
1311,ぴ,741
1312,慧,740
1313,仔,739
1314,加,738
1315,卦,736
1316,瀬,735
1317,裸,735
1318,精,734
1319,令,733
1320,灘,733
1321,萄,726
1322,騎,726
1323,銀,725
1324,至,724
1325,室,722
1326,坂,720
1327,匂,720
1328,巫,720
1329,書,719
1330,想,719
1331,僕,718
1332,ｇ,718
1333,姉,715
1334,夏,712
1335,秘,711
1336,落,710
1337,紅,709
1338,眼,709
1339,襾,707
1340,取,707
1341,駄,706
1342,杁,706
1343,鏖,702
1344,亦,701
1345,待,701
1346,球,698
1347,母,697
1348,荻,697
1349,考,696
1350,歪,695
1351,仭,694
1352,南,691
1353,聖,691
1354,妙,690
1355,怎,687
1356,箋,685
1357,豺,682
1358,淼,681
1359,遊,680
1360,助,677
1361,要,676
1362,杰,674
1363,常,673
1364,字,672
1365,鸞,670
1366,制,668
1367,凶,668
1368,素,667
1369,未,667
1370,竹,662
1371,蹴,661
1372,都,660
1373,醴,660
1374,乗,657
1375,砂,654
1376,淵,649
1377,Κ,647
1378,直,646
1379,帝,643
1380,咲,642
1381,⇔,642
1382,眦,642
1383,⑪,641
1384,炊,639
1385,交,639
1386,料,638
1387,鈴,637
1388,河,635
1389,К,635
1390,敵,634
1391,亢,633
1392,羅,633
1393,図,632
1394,ｑ,631
1395,首,629
1396,宙,628
1397,県,627
1398,解,626
1399,破,625
1400,酒,624
1401,凛,624
1402,屶,623
1403,奴,622
1404,甲,621
1405,師,620
1406,共,617
1407,娘,617
1408,延,616
1409,牛,616
1410,樹,615
1411,亞,614
1412,決,614
1413,校,613
1414,社,612
1415,亘,611
1416,位,611
1417,浮,607
1418,残,606
1419,転,605
1420,勇,604
1421,Ψ,604
1422,彷,603
1423,磊,603
1424,祇,601
1425,衒,600
1426,妥,599
1427,輝,597
1428,牙,597
1429,波,596
1430,仟,595
1431,墨,595
1432,遠,593
1433,亙,593
1434,戊,591
1435,焼,585
1436,打,585
1437,幻,585
1438,定,583
1439,β,583
1440,堂,583
1441,紫,579
1442,瓦,578
1443,麗,577
1444,笂,576
1445,緒,576
1446,町,576
1447,飲,575
1448,朝,573
1449,靉,573
1450,並,572
1451,指,571
1452,滅,570
1453,饉,568
1454,果,566
1455,驫,566
1456,÷,565
1457,折,563
1458,放,561
1459,革,561
1460,矢,560
1461,㎞,560
1462,技,560
1463,辿,558
1464,靃,558
1465,射,555
1466,午,552
1467,欠,552
1468,極,552
1469,驪,552
1470,央,549
1471,将,548
1472,業,548
1473,述,547
1474,雲,546
1475,矧,544
1476,氏,544
1477,帰,542
1478,攻,542
1479,船,542
1480,岡,540
1481,倉,540
1482,謇,540
1483,屮,538
1484,托,538
1485,住,537
1486,負,537
1487,陽,536
1488,喝,535
1489,彼,535
1490,豆,535
1491,Ｂ,533
1492,∇,533
1493,Ⅰ,532
1494,染,532
1495,倒,530
1496,改,529
1497,完,528
1498,戒,527
1499,輪,526
1500,優,525
1501,現,524
1502,С,524
1503,鹿,524
1504,圓,524
1505,幸,517
1506,牟,517
1507,格,517
1508,輩,517
1509,Α,516
1510,功,515
1511,於,515
1512,反,515
1513,♭,515
1514,曰,514
1515,卉,514
1516,消,514
1517,叫,513
1518,魚,513
1519,具,513
1520,弾,512
1521,ぺ,509
1522,記,508
1523,纜,507
1524,妹,505
1525,呼,505
1526,念,505
1527,覚,505
1528,張,505
1529,攀,504
1530,饑,504
1531,院,503
1532,断,503
1533,刻,503
1534,忖,501
1535,寝,501
1536,猫,501
1537,淺,500
1538,憾,500
1539,穐,499
1540,路,499
1541,進,499
1542,喜,498
1543,耳,497
1544,ⅶ,496
1545,邪,495
1546,背,495
1547,兆,494
1548,突,493
1549,虫,493
1550,禁,492
1551,砲,491
1552,育,489
1553,速,488
1554,撮,488
1555,叮,487
1556,伏,487
1557,灸,485
1558,歌,483
1559,恐,483
1560,晶,481
1561,集,480
1562,桃,480
1563,忍,479
1564,壊,478
1565,抜,478
1566,忘,478
1567,店,476
1568,戯,475
1569,民,472
1570,起,471
1571,巾,471
1572,幼,470
1573,始,470
1574,＄,470
1575,雨,470
1576,級,469
1577,爆,468
1578,П,468
1579,運,468
1580,巻,467
1581,去,467
1582,涼,466
1583,渋,466
1584,狂,466
1585,洋,466
1586,過,465
1587,驂,464
1588,幽,464
1589,姿,463
1590,津,462
1591,蔵,462
1592,単,462
1593,砒,462
1594,親,460
1595,景,460
1596,若,460
1597,ゑ,459
1598,絡,458
1599,限,458
1600,礼,458
1601,嫌,458
1602,Η,457
1603,調,456
1604,存,456
1605,治,455
1606,失,455
1607,岩,455
1608,雷,454
1609,菜,453
1610,國,453
1611,受,452
1612,逆,452
1613,許,452
1614,説,450
1615,夲,450
1616,翫,449
1617,彩,447
1618,蠱,447
1619,ヂ,447
1620,在,446
1621,触,445
1622,織,445
1623,売,444
1624,箱,443
1625,胸,443
1626,吹,441
1627,韭,441
1628,汚,439
1629,衫,438
1630,朮,438
1631,韮,438
1632,状,437
1633,微,437
1634,配,436
1635,б,436
1636,登,435
1637,ⅹ,435
1638,逃,434
1639,館,433
1640,眠,432
1641,鬮,432
1642,点,431
1643,尾,430
1644,岑,430
1645,徒,429
1646,泉,428
1647,Δ,428
1648,苦,428
1649,朋,428
1650,且,428
1651,п,427
1652,横,427
1653,骨,427
1654,福,427
1655,絵,426
1656,深,426
1657,老,426
1658,玄,425
1659,攵,424
1660,仇,424
1661,鶸,423
1662,識,422
1663,舞,422
1664,送,421
1665,霆,421
1666,封,420
1667,叉,419
1668,産,418
1669,警,418
1670,緲,418
1671,走,416
1672,続,416
1673,読,416
1674,黶,416
1675,橋,415
1676,霾,415
1677,僧,414
1678,供,413
1679,角,412
1680,尢,411
1681,汁,411
1682,找,411
1683,投,410
1684,无,409
1685,銃,408
1686,印,408
1687,組,407
1688,皆,407
1689,刊,405
1690,保,405
1691,腕,405
1692,抄,404
1693,拳,404
1694,草,403
1695,鍛,402
1696,応,402
1697,驤,402
1698,雄,401
1699,語,400
1700,歳,400
1701,或,399
1702,根,399
1703,両,399
1704,乱,399
1705,曲,398
1706,滯,398
1707,総,397
1708,燃,397
1709,払,397
1710,族,396
1711,企,395
1712,役,395
1713,宝,393
1714,腹,392
1715,笙,392
1716,英,391
1717,灰,391
1718,譎,390
1719,Ε,389
1720,紀,388
1721,官,388
1722,眄,387
1723,願,387
1724,盗,384
1725,博,383
1726,像,383
1727,欲,382
1728,蠻,381
1729,追,380
1730,串,379
1731,仙,379
1732,買,377
1733,板,376
1734,孖,376
1735,異,375
1736,禰,374
1737,映,373
1738,巳,372
1739,護,372
1740,置,371
1741,弱,371
1742,毟,371
1743,陰,371
1744,渊,371
1745,阿,369
1746,陸,369
1747,満,369
1748,麻,367
1749,禳,367
1750,鬪,367
1751,略,366
1752,鼠,364
1753,惑,364
1754,勾,363
1755,黯,362
1756,支,362
1757,繭,362
1758,係,362
1759,毯,362
1760,返,362
1761,抱,362
1762,問,361
1763,修,361
1764,布,361
1765,壱,360
1766,清,359
1767,議,359
1768,駭,359
1769,困,359
1770,虎,358
1771,照,357
1772,戌,357
1773,⑨,357
1774,汲,357
1775,固,356
1776,策,355
1777,凹,355
1778,徹,355
1779,怖,354
1780,紋,354
1781,鸛,354
1782,造,353
1783,泣,353
1784,拒,352
1785,魂,351
1786,科,350
1787,報,349
1788,汗,349
1789,効,348
1790,旧,348
1791,孚,347
1792,朴,347
1793,桐,346
1794,巴,346
1795,犾,345
1796,仲,345
1797,種,345
1798,量,344
1799,統,343
1800,求,342
1801,髟,342
1802,賀,341
1803,視,341
1804,客,340
1805,爺,340
1806,匆,340
1807,縦,339
1808,枩,338
1809,讐,337
1810,史,337
1811,急,337
1812,迯,335
1813,童,335
1814,駆,334
1815,探,334
1816,偽,334
1817,居,333
1818,彬,333
1819,网,332
1820,尸,332
1821,隠,330
1822,軽,330
1823,験,330
1824,掛,330
1825,休,330
1826,仰,329
1827,и,329
1828,贒,328
1829,務,328
1830,牋,328
1831,荒,328
1832,毒,327
1833,忻,326
1834,類,326
1835,計,325
1836,刑,325
1837,選,324
1838,約,324
1839,段,323
1840,恵,323
1841,械,323
1842,声,322
1843,Ι,321
1844,霧,321
1845,涙,319
1846,妊,319
1847,冷,319
1848,皇,319
1849,罪,318
1850,糾,317
1851,朽,317
1852,廃,316
1853,緑,316
1854,題,315
1855,吸,315
1856,茂,314
1857,余,313
1858,争,313
1859,徴,313
1860,狩,313
1861,程,313
1862,攣,312
1863,珍,312
1864,洗,311
1865,渡,311
1866,申,310
1867,痛,310
1868,犹,309
1869,注,309
1870,纏,309
1871,編,308
1872,興,308
1873,霤,307
1874,迷,307
1875,確,307
1876,姦,307
1877,茅,307
1878,丗,307
1879,芽,306
1880,朱,306
1881,暴,305
1882,頼,305
1883,製,305
1884,熱,303
1885,察,303
1886,焔,303
1887,列,302
1888,藜,302
1889,離,301
1890,勘,301
1891,復,301
1892,那,301
1893,越,300
1894,敗,300
1895,爰,299
1896,沂,299
1897,疋,299
1898,笹,299
1899,脱,298
1900,依,298
1901,杏,297
1902,刪,297
1903,息,297
1904,糞,296
1905,写,294
1906,薬,294
1907,純,294
1908,斬,294
1909,蝶,294
1910,闔,294
1911,絎,294
1912,丘,293
1913,勢,293
1914,傷,293
1915,得,292
1916,讎,292
1917,孫,291
1918,操,291
1919,雀,291
1920,胡,291
1921,辛,291
1922,智,290
1923,寿,290
1924,郷,289
1925,ⅸ,289
1926,導,288
1927,娠,288
1928,漫,288
1929,葬,288
1930,臓,288
1931,鋼,288
1932,飯,288
1933,末,287
1934,降,286
1935,塞,286
1936,貝,285
1937,殿,285
1938,ヰ,285
1939,с,285
1940,活,284
1941,爽,284
1942,再,284
1943,珪,284
1944,琴,284
1945,裏,283
1946,奥,283
1947,塊,283
1948,収,282
1949,普,282
1950,経,282
1951,獺,282
1952,阪,280
1953,宏,280
1954,晴,280
1955,蓮,280
1956,狐,279
1957,匹,279
1958,哀,279
1959,陣,279
1960,瑞,278
1961,綾,278
1962,構,278
1963,祕,278
1964,奇,276
1965,秀,276
1966,健,276
1967,翔,276
1968,牝,276
1969,冽,275
1970,帯,274
1971,臼,274
1972,彦,273
1973,麟,273
1974,従,272
1975,釟,271
1976,諸,271
1977,否,271
1978,故,267
1979,菊,267
1980,岳,267
1981,建,266
1982,驚,266
1983,細,265
1984,葱,265
1985,湫,265
1986,戮,265
1987,т,264
1988,周,263
1989,徠,263
1990,称,262
1991,恥,262
1992,Μ,262
1993,閉,262
1994,葵,261
1995,侵,260
1996,政,260
1997,観,259
1998,祭,259
1999,脳,259
2000,跡,258
2001,穂,258
2002,襲,258
2003,ж,258
2004,婆,258
2005,告,257
2006,険,257
2007,件,257
2008,筋,256
2009,坊,256
2010,鷆,256
2011,矜,256
2012,囓,256
2013,局,255
2014,浅,255
2015,㎡,255
2016,蘂,255
2017,創,254
2018,塚,254
2019,弭,254
2020,例,254
2021,弟,254
2022,低,254
2023,宗,253
2024,雛,253
2025,刺,253
2026,梅,253
2027,悲,253
2028,叺,251
2029,杯,251
2030,戉,251
2031,割,250
2032,旗,250
2033,側,250
2034,鶴,249
2035,除,249
2036,頴,249
2037,杢,249
2038,柳,248
2039,妁,248
2040,謝,247
2041,玲,247
2042,斜,247
2043,答,246
2044,殊,246
2045,頂,246
2047,莉,246
2048,認,245
2049,質,245
2050,充,245
2051,紙,244
2052,剛,244
2053,研,243
2054,描,243
2055,儚,243
2056,㍼,243
2057,嘘,242
2058,悟,242
2059,塔,242
2060,仂,242
2061,髏,242
2062,㍻,242
2063,露,242
2064,泳,241
2065,階,241
2066,煌,241
2067,判,240
2068,章,240
2069,坐,240
2070,危,239
2071,盛,239
2072,旅,239
2073,髭,239
2074,矣,238
2076,冒,237
2077,衙,237
2078,桂,236
2079,職,236
2080,府,236
2081,汞,235
2082,池,234
2083,璽,234
2084,振,233
2085,埓,233
2086,儘,233
2087,苙,233
2088,骸,232
2089,擬,232
2090,而,232
2091,熊,232
2092,泓,232
2093,浴,231
2094,嚠,231
2095,権,231
2096,究,231
2097,諒,231
2098,尺,230
2099,須,230
2100,鼎,230
2101,尻,229
2102,監,228
2103,Э,228
2104,旬,227
2105,刹,227
2106,黑,227
2107,因,227
2108,準,225
2109,弘,225
2110,練,225
2111,提,224
2112,難,224
2113,救,224
2114,雑,224
2115,試,224
2116,響,224
2117,泝,223
2118,吾,223
2119,増,223
2120,淫,223
2121,象,222
2122,鳰,222
2123,激,222
2124,樂,222
2125,繰,222
2126,妻,222
2127,浜,222
2128,帽,221
2129,册,221
2130,歯,221
2131,督,221
2132,領,220
2133,弃,220
2134,秡,220
2135,黼,220
2136,郭,220
2137,捕,220
2138,蒜,219
2139,退,219
2140,犯,219
2141,燈,219
2142,棒,219
2143,鱗,219
2144,澁,218
2145,労,218
2146,柵,218
2147,梨,218
2148,朿,218
2149,嵐,218
2150,賽,218
2151,域,217
2152,占,217
2153,設,217
2154,覇,217
2155,散,216
2156,添,215
2157,л,215
2158,岱,214
2159,挂,214
2160,杖,214
2161,徳,214
2162,拜,213
2163,袋,212
2164,喰,212
2165,密,212
2166,寄,211
2167,魅,211
2168,航,210
2169,鳴,210
2170,遺,210
2171,髑,210
2172,演,209
2173,便,209
2174,独,209
2175,豊,209
2176,減,209
2177,А,209
2178,黙,209
2179,懸,209
2180,咒,209
2181,徽,209
2182,崖,208
2183,柊,207
2184,如,207
2185,荷,207
2186,逢,207
2187,栄,207
2188,遅,207
2189,綺,207
2190,埼,207
2191,滓,207
2192,宿,206
2193,鑼,206
2194,庭,206
2195,攷,206
2196,斎,206
2197,働,205
2198,温,205
2199,虚,205
2200,液,205
2201,昴,205
2202,児,205
2203,彌,205
2204,悠,204
2205,談,204
2206,笈,204
2207,鴒,204
2208,殳,204
2209,梦,203
2210,迎,203
2211,劇,202
2212,頃,202
2213,Щ,202
2214,快,202
2215,岸,202
2216,爾,202
2217,鰹,202
2218,翠,201
2219,祖,201
2220,櫑,201
2221,Ш,200
2222,孔,200
2223,専,200
2224,粥,200
2225,祿,200
2226,均,199
2227,殴,199
2228,堊,199
2229,査,199
2230,荐,199
2231,狼,199
2232,承,198
2233,劜,198
2234,曜,198
2235,鶻,198
2236,竊,198
2237,益,197
2238,援,197
2239,浦,196
2240,恭,196
2241,昨,196
2242,紮,196
2243,髮,196
2244,爍,196
2245,境,195
2246,糶,195
2247,狗,194
2248,嬢,194
2249,裂,194
2250,替,194
2251,鷹,193
2252,ゐ,193
2253,弥,193
2254,妨,193
2255,盾,193
2256,芦,192
2257,俎,192
2258,省,192
2259,羇,192
2260,医,191
2261,貞,191
2262,源,191
2263,害,191
2264,艢,191
2265,耀,191
2266,妝,190
2267,藍,190
2268,爬,190
2269,宅,190
2270,睡,190
2271,畏,190
2272,們,190
2273,巓,189
2274,腐,189
2275,拘,189
2276,規,189
2277,翊,188
2278,奏,187
2279,康,187
2280,模,187
2281,駅,187
2282,捨,187
2283,潮,186
2284,鳳,186
2285,威,186
2286,槍,185
2287,抔,185
2288,婚,185
2289,蛇,185
2290,丹,185
2291,苺,185
2292,忠,184
2293,戓,184
2294,逐,184
2295,富,183
2296,尽,183
2297,納,183
2298,讃,183
2299,症,183
2300,換,182
2301,峰,182
2302,授,182
2303,管,181
2304,竝,181
2305,綫,181
2306,留,181
2307,戻,181
2308,録,180
2309,丙,180
2310,茎,180
2311,匠,180
2312,來,180
2313,衞,180
2314,蓬,180
2315,弄,179
2316,価,179
2317,購,179
2318,衝,178
2319,沈,178
2320,覧,178
2321,群,178
2322,嚇,178
2323,材,178
2324,騒,178
2325,鳩,177
2326,夛,177
2327,翁,176
2328,苗,176
2329,體,176
2330,詰,176
2331,週,175
2332,誠,175
2333,値,175
2334,標,175
2335,玖,175
2336,囘,175
2337,莠,175
2338,召,174
2339,丼,174
2340,押,174
2341,呆,174
2342,迥,173
2343,泡,173
2344,検,173
2345,穢,173
2346,端,172
2347,各,172
2348,蟲,172
2349,鎧,172
2350,扛,172
2351,靴,172
2352,玳,172
2353,芫,172
2354,沚,171
2355,底,171
2356,橘,171
2357,頑,171
2358,透,171
2359,萌,171
2360,雅,171
2361,商,170
2362,寒,170
2363,瞬,170
2364,鍾,170
2365,証,170
2366,蛾,170
2367,貧,170
2368,毳,170
2369,逝,170
2370,被,170
2371,舎,170
2372,ぢ,169
2373,属,169
2374,習,169
2375,亟,169
2376,莖,169
2377,叶,168
2378,韃,168
2379,罨,168
2380,兎,168
2381,秒,168
2382,移,167
2383,鑑,167
2384,幕,167
2385,嵒,167
2386,冥,167
2387,薹,167
2388,厨,166
2389,詞,166
2390,摩,166
2391,盃,166
2392,蕘,166
2393,暑,166
2394,㍾,166
2395,際,165
2396,敷,165
2397,柔,165
2398,獅,165
2399,謎,165
2400,賊,165
2401,卵,165
2402,吊,165
2403,垰,164
2404,呈,164
2405,祁,164
2406,躔,164
2407,豪,164
2408,渠,164
2409,漾,164
2410,ц,163
2411,昔,163
2412,愚,163
2413,蘭,163
2414,忌,163
2415,爵,163
2416,燿,163
2417,薄,162
2418,短,162
2419,震,162
2420,蕈,162
2421,ф,161
2422,鮭,161
2423,油,161
2424,濺,161
2425,鷲,160
2426,瞳,160
2427,忽,160
2428,牧,160
2429,桑,160
2430,競,159
2431,祝,159
2432,賢,159
2433,焚,159
2434,龕,159
2435,芙,159
2436,詣,159
2437,е,159
2438,鍋,158
2439,蜜,158
2440,弉,158
2441,堀,157
2442,⑤,157
2443,癸,157
2444,伍,157
2445,莢,157
2446,訳,156
2447,展,156
2448,簡,156
2449,植,156
2450,曇,156
2451,Ю,155
2452,致,155
2453,湯,155
2454,継,155
2455,釣,155
2456,氿,154
2457,善,154
2458,給,154
2459,麥,154
2460,稲,154
2461,钁,154
2462,湖,154
2463,抂,154
2464,唯,154
2465,零,154
2466,枝,154
2467,篳,154
2468,脚,153
2469,屯,153
2470,蔀,153
2471,后,153
2472,懶,153
2473,㎝,153
2474,豚,153
2475,芬,152
2476,札,152
2477,浪,152
2478,弦,152
2479,偵,152
2480,蓿,152
2481,裁,152
2482,黔,152
2483,聰,152
2484,容,152
2485,乎,151
2486,疑,151
2487,吠,151
2488,戴,150
2489,崩,150
2490,圖,150
2491,孕,150
2492,祚,150
2493,閼,150
2494,房,149
2495,辰,149
2496,是,149
2497,鎖,149
2498,釜,149
2499,途,149
2500,欣,149
2501,緋,149
2502,戍,148
2503,儀,148
2504,肩,148
2505,涯,148
2506,柱,148
2507,茜,148
2508,毎,148
2509,序,148
2510,顫,148
2511,霽,148
2512,踏,148
2513,㍽,148
2514,愆,147
2515,盟,147
2516,般,147
2517,委,147
2518,厳,147
2519,麦,147
2520,靂,147
2521,尉,146
2522,挑,146
2523,卒,146
2524,煙,146
2525,羈,146
2526,鼻,146
2527,炭,145
2528,閣,145
2529,核,145
2530,縮,145
2531,瓣,145
2532,萩,145
2533,㎏,145
2534,環,144
2535,疲,144
2536,珠,144
2537,奪,144
2538,樊,144
2539,囮,144
2540,浹,144
2541,案,143
2542,菓,143
2543,Й,143
2544,皮,143
2545,審,143
2546,堕,143
2547,祈,143
2548,讀,143
2549,縛,143
2550,闢,143
2551,掴,143
2552,ё,143
2553,就,142
2554,課,142
2555,載,142
2556,迴,142
2557,畄,142
2558,暁,141
2559,已,141
2560,瀟,141
2561,漆,141
2562,薨,141
2563,億,141
2564,届,141
2565,徐,141
2566,垣,141
2567,既,140
2568,婦,140
2569,沖,140
2570,炫,140
2571,詩,139
2572,屈,139
2573,鬆,139
2574,埜,139
2575,孤,139
2576,弸,139
2577,港,139
2578,済,138
2579,誘,138
2580,汎,138
2581,唇,138
2582,籖,138
2583,虍,137
2584,楓,137
2585,冠,137
2586,論,137
2587,喚,137
2588,奉,137
2589,猿,136
2590,斉,135
2591,燮,135
2592,厓,135
2593,塩,135
2594,混,135
2595,賞,135
2596,典,134
2597,銭,134
2598,螺,134
2599,索,134
2600,席,134
2601,佇,134
2602,Е,133
2603,往,133
2604,歴,133
2605,酔,133
2606,漢,133
2607,尚,133
2608,節,133
2609,握,133
2610,蟾,133
2611,Ф,133
2612,垈,133
2613,髞,133
2614,順,132
2615,郡,132
2616,訓,132
2617,執,132
2618,罰,132
2619,協,132
2620,柴,131
2621,扎,131
2622,資,131
2623,兼,131
2624,狡,131
2625,穹,131
2626,昇,130
2627,垂,130
2628,函,130
2629,參,130
2630,燵,130
2631,梁,129
2632,唱,129
2633,扉,129
2634,蟹,129
2635,驛,129
2636,邦,129
2637,迫,129
2638,鐘,128
2639,庫,128
2640,謄,128
2641,豹,128
2642,悔,128
2643,枚,127
2644,貼,127
2645,接,127
2646,営,127
2647,踊,127
2648,律,127
2649,刕,127
2650,汝,126
2651,責,126
2652,檎,126
2653,曙,126
2654,⑩,126
2655,赴,125
2656,兜,125
2657,楼,125
2658,盆,124
2659,鑚,124
2660,嫁,124
2661,澤,124
2662,②,124
2663,施,124
2664,螫,124
2665,農,124
2666,鬚,123
2667,躙,123
2668,喀,123
2669,篠,123
2670,麓,123
2671,滝,123
2672,排,122
2673,亭,122
2674,随,122
2675,栗,122
2676,桁,122
2677,柚,122
2678,架,122
2679,窟,122
2680,扁,122
2681,璧,122
2682,渥,121
2683,黷,121
2684,衆,121
2685,倍,121
2686,栖,120
2687,伸,120
2688,垳,120
2689,裕,120
2690,薫,120
2691,飾,120
2692,璃,119
2693,焦,119
2694,瑠,119
2695,舌,119
2696,妬,119
2697,肌,119
2698,觸,119
2699,拾,118
2700,券,118
2701,龜,118
2702,柄,118
2703,筵,118
2704,逑,118
2705,貫,118
2706,猛,118
2707,晳,118
2708,稿,117
2709,繋,117
2710,季,117
2711,繊,117
2712,酸,117
2713,浄,117
2714,扱,117
2715,伯,117
2716,抗,117
2717,盤,117
2718,轢,117
2719,墓,117
2720,避,116
2721,隆,116
2722,補,116
2723,鷭,116
2724,慈,116
2725,彗,116
2726,濫,116
2727,壺,116
2728,隹,116
2729,圀,116
2730,閃,115
2731,滋,115
2732,股,115
2733,凝,115
2734,耶,115
2735,澄,115
2736,掌,114
2737,疇,114
2738,揚,114
2740,仼,114
2741,昼,114
2742,瓧,114
2743,捧,114
2744,看,114
2745,揮,114
2746,閤,114
2747,諦,114
2748,廂,114
2749,隕,114
2750,夋,114
2751,韶,114
2752,匡,113
2753,缶,113
2754,嶋,113
2755,捌,113
2756,塵,113
2757,濯,113
2758,洞,113
2759,菴,113
2760,龠,113
2761,則,112
2762,掘,112
2763,誕,112
2764,搾,112
2765,讒,112
2766,閂,112
2767,爼,112
2768,暮,111
2769,卆,111
2770,緊,111
2771,烏,111
2772,洛,111
2773,騙,111
2774,泪,111
2775,吐,110
2776,祐,110
2777,氾,110
2778,饒,110
2779,沼,109
2780,庄,109
2781,票,109
2782,鷺,109
2783,筒,109
2784,拝,109
2785,疾,109
2786,汰,109
2787,贖,109
2788,宸,109
2789,漏,109
2790,挿,108
2791,飼,108
2792,磯,108
2793,糠,108
2794,辱,108
2795,鴨,108
2796,嚆,108
2797,針,108
2798,弊,108
2799,臨,107
2800,磨,107
2801,荘,107
2802,俘,107
2803,契,107
2804,葛,107
2805,麺,107
2806,曹,106
2807,妄,106
2808,齢,106
2809,霞,106
2810,副,106
2811,慶,106
2812,彎,106
2813,緻,106
2814,適,105
2815,狙,105
2816,③,105
2817,融,105
2818,襖,105
2819,髓,105
2820,逖,105
2821,妛,105
2822,曽,105
2823,倚,105
2824,蕾,105
2825,梺,105
2826,盂,105
2827,棘,105
2828,厚,104
2829,噛,104
2830,崇,104
2831,層,104
2832,尊,104
2833,縁,104
2834,舐,104
2835,漉,104
2836,劫,104
2837,臭,104
2838,誇,103
2839,畸,103
2840,獲,103
2841,蒸,103
2842,績,103
2843,燐,103
2844,叢,103
2845,拭,103
2846,養,102
2847,犠,102
2848,陀,102
2849,粱,102
2850,儼,102
2851,窓,101
2852,砕,101
2853,泚,101
2854,а,101
2855,埋,101
2856,哭,101
2857,鍵,101
2858,机,101
2859,咋,101
2860,征,101
2861,沐,101
2862,卮,101
2863,弗,101
2864,掃,100
2865,俊,100
2866,況,100
2867,厖,100
2868,驩,100
2869,泥,99
2870,暦,99
2871,痕,99
2872,瀰,99
2873,襴,99
2874,渉,99
2875,尿,99
2876,嘉,99
2877,汯,99
2878,繆,99
2879,腰,99
2880,催,98
2881,乾,98
2882,彰,98
2883,ч,98
2884,慎,98
2885,帳,98
2886,艚,98
2887,睫,98
2888,俯,98
2889,卑,98
2890,秕,98
2891,悉,97
2892,榊,97
2893,鴉,97
2894,朗,97
2895,嬉,97
2896,眺,97
2897,鎮,97
2898,呑,97
2899,籠,97
2900,軌,97
2901,犇,97
2902,耐,96
2903,к,96
2904,狭,96
2905,氛,96
2906,湧,96
2907,篭,96
2908,偉,96
2909,径,96
2910,堅,96
2911,尹,96
2912,轣,96
2913,崟,96
2914,評,96
2915,猪,96
2916,株,95
2917,憶,95
2918,畑,95
2919,積,95
2920,距,95
2921,喫,95
2922,昌,95
2923,黌,95
2924,嫉,95
2925,閻,95
2926,懲,94
2927,敬,94
2928,煮,94
2929,埒,94
2930,恨,94
2931,轤,94
2932,鰤,94
2933,浩,94
2934,躯,94
2935,螢,94
2936,唐,94
2937,挧,94
2938,㎎,93
2939,脇,93
2940,巖,93
2941,猩,93
2942,伀,93
2943,勤,93
2944,莱,93
2945,没,92
2946,幾,92
2947,慢,92
2948,苟,92
2949,菌,92
2950,兊,92
2951,憂,92
2952,鯨,92
2953,惚,92
2954,潜,92
2955,壷,91
2956,帆,91
2957,椎,91
2958,逸,91
2959,屍,91
2960,乘,91
2961,蔚,91
2962,㈹,91
2963,禪,91
2964,ъ,91
2965,鬻,91
2966,囑,91
2967,劉,91
2968,瓶,91
2969,廊,91
2970,錬,90
2971,Ь,90
2972,禿,90
2973,趣,90
2974,燕,90
2975,臠,90
2976,惨,90
2977,李,90
2978,醜,90
2979,棲,90
2980,狛,90
2981,駿,89
2982,鎌,89
2983,孝,89
2984,借,89
2985,削,89
2986,嫐,89
2987,顯,89
2988,驥,89
2989,隣,89
2990,財,89
2991,泰,89
2992,鬯,89
2993,茆,89
2994,菱,89
2995,飃,89
2996,哉,88
2997,凄,88
2998,謹,88
2999,呉,88
3000,凪,88
3001,侍,88
3002,踟,88
3003,隴,88
3004,蒔,88
3005,粉,87
3006,率,87
3007,④,87
3008,算,87
3009,瑟,87
3010,即,87
3011,赳,87
3012,凍,87
3013,幹,87
3014,党,87
3015,邃,87
3016,沸,87
3017,邸,87
3018,渚,86
3019,旋,86
3020,苛,86
3021,椅,86
3022,德,86
3023,蚯,86
3024,卓,86
3025,熟,85
3026,筑,85
3027,虐,85
3028,含,85
3029,綱,85
3030,迹,85
3031,遼,85
3032,轆,85
3033,駒,84
3034,療,84
3035,忿,84
3036,癌,84
3037,黍,84
3038,效,84
3039,締,84
3040,詳,83
3041,躍,83
3042,障,83
3043,潰,83
3044,炉,83
3045,到,83
3046,梓,83
3047,嘩,83
3048,討,83
3049,冴,83
3050,鑛,83
3051,櫻,83
3052,佖,83
3053,緩,83
3054,夸,83
3055,倥,83
3056,飽,83
3057,娥,83
3058,筴,83
3059,炬,83
3060,凾,83
3061,竕,83
3062,劾,82
3063,捜,82
3064,矗,82
3065,穿,82
3066,寨,82
3067,虹,82
3068,遥,82
3069,醒,82
3070,隘,82
3071,濡,82
3072,掫,82
3073,俣,82
3074,倫,82
3075,瞭,82
3076,撫,81
3077,整,81
3078,班,81
3079,⑧,81
3080,㊥,81
3081,姻,81
3082,峠,81
3083,菅,81
3084,隷,81
3085,馴,81
3086,餅,81
3087,徼,81
3088,拔,80
3089,郁,80
3090,籍,80
3091,楾,80
3092,甑,80
3093,穰,80
3094,疣,80
3095,珀,80
3096,鞭,80
3097,筱,80
3098,墟,79
3099,焏,79
3100,巌,79
3101,鶏,79
3102,拡,79
3103,尋,79
3104,亮,79
3105,拓,79
3106,聴,79
3107,暹,79
3108,沌,79
3109,苔,79
3110,弡,79
3111,免,78
3112,易,78
3113,韆,78
3114,署,78
3115,挙,78
3116,跏,78
3117,隼,77
3118,停,77
3119,幅,77
3120,拠,77
3121,遂,77
3122,撲,77
3123,枷,77
3124,辧,77
3125,湾,77
3126,紳,76
3127,駐,76
3128,携,76
3129,伽,76
3130,卿,76
3131,羨,76
3132,悦,76
3133,鼈,76
3134,蠢,76
3135,雇,76
3136,慰,76
3137,椿,76
3138,怯,76
3139,喧,76
3140,萵,76
3141,㊤,76
3142,覗,76
3143,痴,75
3144,愍,75
3145,韓,75
3146,殲,75
3147,薙,75
3148,伃,75
3149,昭,75
3150,玩,75
3151,癒,75
3152,餓,75
3153,控,75
3154,努,75
3155,鈊,75
3156,誓,75
3157,爲,75
3158,抑,75
3159,伴,75
3160,襞,75
3161,剤,75
3162,氓,75
3163,彪,74
3164,宵,74
3165,嘆,74
3166,邱,74
3167,税,74
3168,糖,74
3169,薩,74
3170,琲,74
3171,蜘,74
3172,譲,74
3173,收,74
3174,З,74
3175,發,74
3176,雁,74
3177,項,74
3178,餽,74
3179,賻,74
3180,慮,74
3181,瑩,74
3182,栞,73
3183,訪,73
3184,吟,73
3185,濃,73
3186,貸,73
3187,ш,73
3188,堪,73
3189,毬,73
3190,砥,73
3191,媛,73
3192,却,73
3193,㊦,73
3194,橫,73
3195,鑢,73
3196,纊,73
3197,誤,73
3198,煽,73
3199,担,73
3200,岔,73
3201,餬,73
3202,槻,72
3203,鯵,72
3204,悩,72
3205,臆,72
3206,柑,72
3207,晩,72
3208,騷,72
3209,糴,72
3210,鱒,72
3211,涎,72
3212,罠,72
3213,臺,72
3214,烋,71
3215,牒,71
3216,貨,71
3217,紺,71
3218,彭,71
3219,躑,71
3220,茴,71
3221,瓮,71
3222,聲,71
3223,躊,71
3224,扇,71
3225,牌,71
3226,鮮,70
3227,鉱,70
3228,哲,70
3229,貰,70
3230,鴻,70
3231,乖,70
3232,雌,70
3233,遣,70
3234,⑦,70
3235,揺,70
3236,艮,70
3237,茲,70
3238,竑,70
3239,怱,70
3240,幗,70
3241,Β,69
3242,宣,69
3243,喪,69
3244,溶,69
3245,汪,69
3246,滑,69
3247,灣,69
3248,咫,69
3249,堋,69
3250,罘,69
3251,錦,69
3252,Н,69
3253,縄,69
3254,佞,68
3255,啓,68
3256,忱,68
3257,塾,68
3258,狸,68
3259,鼓,68
3260,冕,68
3261,變,68
3262,霻,68
3263,孟,68
3264,揉,68
3265,笵,68
3266,兇,67
3267,招,67
3268,趨,67
3269,額,67
3270,憐,67
3271,畊,67
3272,喋,67
3273,奄,67
3274,鄂,67
3275,壮,67
3276,損,67
3277,艶,67
3278,鼇,67
3279,勉,67
3280,羹,67
3281,囹,67
3282,拙,66
3283,測,66
3284,枡,66
3285,詠,66
3286,欧,66
3287,磁,66
3288,畜,66
3289,還,66
3290,婿,66
3291,囀,66
3292,牲,66
3293,懐,66
3294,棄,66
3295,卷,66
3296,寂,66
3297,罔,66
3298,吝,66
3299,黴,66
3300,粂,66
3301,峇,66
3302,腋,66
3303,緯,65
3304,舛,65
3305,暇,65
3306,胴,65
3307,鞍,65
3308,燧,65
3309,尠,65
3310,烝,65
3311,枠,65
3312,燹,65
3313,凌,65
3314,攸,65
3315,н,65
3316,募,65
3317,頁,65
3318,琺,65
3319,弯,65
3320,巣,64
3321,鞠,64
3322,匈,64
3323,蜂,64
3324,⑥,64
3325,柏,64
3326,磴,64
3327,鐓,64
3328,霳,64
3329,笛,64
3330,溝,64
3331,辞,64
3332,鬨,64
3333,襄,64
3334,範,64
3335,鈿,64
3336,矼,64
3337,床,63
3338,鑓,63
3339,唖,63
3340,維,63
3341,惣,63
3342,榎,63
3343,凰,63
3344,砦,63
3345,塑,63
3346,艇,63
3347,沆,63
3348,宥,63
3349,箒,63
3350,驟,63
3351,鐱,63
3352,顴,63
3353,圸,63
3354,翦,63
3355,卻,63
3356,塗,62
3357,伺,62
3358,斑,62
3359,澪,62
3360,з,62
3361,憲,62
3362,舟,62
3363,噌,62
3364,苑,62
3365,湎,62
3366,蛛,62
3367,煢,62
3368,紲,62
3369,輌,62
3370,築,61
3371,區,61
3372,紘,61
3373,巽,61
3374,鹽,61
3375,肝,61
3376,屑,61
3377,牽,61
3378,酷,61
3379,侘,61
3380,癡,61
3381,桟,61
3382,琵,61
3383,岐,61
3384,瀨,61
3385,畦,60
3386,餌,60
3387,蛍,60
3388,蒟,60
3389,賭,60
3390,霜,60
3391,筝,60
3392,р,60
3393,濟,60
3394,祥,60
3395,哘,60
3396,匇,60
3397,巒,60
3398,寅,60
3399,炅,60
3400,樰,60
3401,溜,59
3402,疔,59
3403,傾,59
3404,Б,59
3405,輸,59
3406,梵,59
3407,鋭,59
3408,迦,59
3409,舘,59
3410,鶚,59
3411,窮,59
3412,堯,59
3413,惴,59
3414,鵺,59
3415,燦,59
3416,殻,59
3417,愁,59
3418,畳,59
3419,й,59
3420,誉,59
3421,渕,59
3422,橙,59
3423,漠,59
3424,鍠,59
3425,蠍,59
3426,哥,59
3427,貳,59
3428,櫤,59
3429,晴,59
3430,紹,58
3431,診,58
3432,采,58
3433,Ъ,58
3434,嬰,58
3435,袖,58
3436,繍,58
3437,冱,58
3438,兌,58
3439,桶,58
3440,挫,58
3441,簇,58
3442,推,58
3443,耕,58
3444,暲,58
3445,詮,57
3446,癖,57
3447,褒,57
3448,挨,57
3449,旭,57
3450,茸,57
3451,衡,57
3452,儺,57
3453,漁,57
3454,鮫,57
3455,脂,57
3456,穏,57
3457,棚,57
3458,蘇,57
3459,纉,57
3460,舶,57
3461,鑈,57
3462,礎,57
3463,謀,57
3464,飢,57
3465,竏,57
3466,稚,56
3467,掲,56
3468,彧,56
3469,蹟,56
3470,揃,56
3471,拶,56
3472,飴,56
3473,傑,56
3474,凧,56
3475,辯,56
3476,湶,56
3477,偶,56
3478,講,56
3479,贓,56
3480,鮟,56
3481,佝,56
3482,冏,56
3483,筍,56
3484,爛,56
3485,疼,56
3486,絆,56
3487,柿,55
3488,醤,55
3489,肥,55
3490,網,55
3491,蛎,55
3492,肴,55
3493,惰,55
3494,暖,55
3495,疆,55
3496,怺,55
3497,幡,55
3498,櫓,55
3499,驕,55
3500,疉,55
3501,候,55
3502,ы,55
3503,斐,54
3504,剰,54
3505,薪,54
3506,妃,54
3507,蒲,54
3508,弔,54
3509,祗,54
3510,殄,54
3511,沱,54
3512,謖,54
3513,寳,54
3514,這,54
3515,Ы,54
3516,諏,54
3517,雹,54
3518,閲,54
3519,寧,54
3520,恩,54
3521,晦,54
3522,竚,54
3523,裼,54
3524,椶,54
3525,宕,54
3526,插,54
3527,剥,54
3528,筬,54
3529,饕,54
3530,稜,54
3531,晙,54
3532,娃,53
3533,胃,53
3534,析,53
3535,Я,53
3536,鱸,53
3537,択,53
3538,謁,53
3539,宴,53
3540,潤,53
3541,儲,53
3542,纈,53
3543,翅,53
3544,貌,53
3545,垓,53
3546,沃,53
3547,裄,53
3548,茄,53
3549,洸,53
3550,黎,53
3551,菩,53
3552,徑,53
3553,脈,53
3554,禽,52
3555,楯,52
3556,庵,52
3557,慣,52
3558,溢,52
3559,陥,52
3560,菰,52
3561,躋,52
3562,蔭,52
3563,耒,52
3564,彊,52
3565,誌,52
3566,闊,52
3567,艤,52
3568,眞,52
3569,縫,52
3570,怠,52
3571,憑,52
3572,躪,52
3573,敏,52
3574,潔,51
3575,噂,51
3576,搭,51
3577,叡,51
3578,償,51
3579,髄,51
3580,皐,51
3581,勸,51
3582,щ,51
3583,錠,51
3584,并,51
3585,奮,51
3586,赦,51
3587,克,51
3588,賛,51
3589,剄,51
3590,蛆,51
3591,х,51
3592,驗,51
3593,駲,51
3594,泊,50
3595,恒,50
3596,廠,50
3597,絢,50
3598,袷,50
3599,穎,50
3600,剃,50
3601,坿,50
3602,販,50
3603,碧,50
3604,茉,50
3605,遜,50
3606,棺,50
3607,帥,50
3608,宜,50
3609,弼,50
3610,朧,50
3611,獏,50
3612,鰛,50
3613,燭,50
3614,拵,50
3615,枕,50
3616,萃,50
3617,纐,50
3618,竈,50
3619,輔,49
3620,盈,49
3621,鑷,49
3622,譚,49
3623,竸,49
3624,勃,49
3625,孩,49
3626,蹇,49
3627,鷙,49
3628,餃,49
3629,逧,49
3630,覆,49
3631,絹,49
3632,礁,49
3633,鬢,49
3634,氣,49
3635,併,49
3636,費,49
3637,匳,49
3638,贅,49
3639,愉,48
3640,鞘,48
3641,隔,48
3642,Ρ,48
3643,岦,48
3644,鮎,48
3645,撹,48
3646,藻,48
3647,簀,48
3648,驍,48
3649,著,48
3650,套,48
3651,籟,48
3652,焉,48
3653,鉢,48
3654,膏,48
3655,廬,48
3656,邉,48
3657,陵,48
3658,琉,48
3659,麒,48
3660,霹,48
3661,筆,48
3662,匪,48
3663,跪,48
3664,暙,48
3665,怜,47
3666,糟,47
3667,鑒,47
3668,昆,47
3669,宛,47
3670,絞,47
3671,銅,47
3672,肛,47
3673,卸,47
3674,贋,47
3675,犀,47
3676,鬩,47
3677,楔,47
3678,胥,47
3679,游,47
3680,瀲,47
3681,鋸,47
3682,苞,47
3683,蝨,47
3684,褌,47
3685,萼,47
3686,恁,47
3687,碆,47
3688,峪,47
3689,辮,47
3690,韲,47
3691,勅,46
3692,僑,46
3693,賎,46
3694,逕,46
3695,漬,46
3696,鰯,46
3697,旺,46
3698,粋,46
3699,神,46
3700,癪,46
3701,憩,46
3702,託,46
3703,鷯,46
3704,Ё,46
3705,蛭,46
3706,蹐,46
3707,霰,46
3708,牡,46
3709,猟,46
3710,灑,46
3711,縲,46
3712,猥,46
3713,撼,46
3714,蹤,46
3715,溷,46
3716,壅,46
3717,蔦,45
3718,魁,45
3719,鴇,45
3720,噴,45
3721,夬,45
3722,樫,45
3723,勧,45
3724,鯖,45
3725,蓋,45
3726,黻,45
3727,纎,45
3728,遡,45
3729,壇,45
3730,笶,45
3731,預,45
3732,匣,45
3733,汕,45
3734,粤,45
3735,鬟,45
3736,冶,45
3737,履,45
3738,琳,45
3739,僉,45
3740,盥,45
3741,忤,45
3742,漿,45
3743,駑,45
3744,嫦,45
3745,暃,45
3746,譽,45
3747,膨,45
3748,娚,45
3749,皴,45
3750,洄,45
3751,衰,44
3752,枢,44
3753,隙,44
3754,濁,44
3755,抵,44
3756,悶,44
3757,侈,44
3758,鰻,44
3759,謙,44
3760,晨,44
3761,醯,44
3762,贈,44
3763,酢,44
3764,鬧,44
3765,㈱,44
3766,鮒,44
3767,塀,44
3768,鬣,44
3769,瀇,44
3770,楚,43
3771,轡,43
3772,粒,43
3773,軸,43
3774,竃,43
3775,袴,43
3776,錐,43
3777,腺,43
3778,遭,43
3779,芟,43
3780,斌,43
3781,桔,43
3782,軒,43
3783,昏,43
3784,跳,43
3785,蕎,43
3786,陳,43
3787,篝,43
3788,恚,43
3789,簓,43
3790,坑,43
3791,盍,43
3792,寇,43
3793,侯,43
3794,淋,43
3795,錫,43
3796,塙,43
3797,粢,43
3798,閒,43
3799,顏,43
3800,渓,42
3801,駕,42
3802,韻,42
3803,銘,42
3804,萎,42
3805,朔,42
3806,嗣,42
3807,槌,42
3808,湊,42
3809,骰,42
3810,奔,42
3811,綿,42
3812,夷,42
3813,採,42
3814,穣,42
3815,М,42
3816,胞,42
3817,贄,42
3818,荀,42
3819,翻,42
3820,翳,42
3821,顳,42
3822,笳,42
3823,概,42
3824,尼,42
3825,軆,42
3826,鍬,42
3827,諭,42
3828,洵,42
3829,甃,42
3830,瓠,42
3831,踈,42
3832,淒,42
3833,兢,42
3834,淞,42
3835,齏,42
3836,蠅,42
3837,倶,41
3838,奨,41
3839,拉,41
3840,硬,41
3841,荏,41
3842,в,41
3843,秩,41
3844,謌,41
3845,鈔,41
3846,號,41
3847,坙,41
3848,毘,41
3849,凱,41
3850,歓,41
3851,需,41
3852,捗,41
3853,壟,41
3854,證,41
3855,靆,41
3856,苻,41
3857,藩,41
3858,鑵,41
3859,晃,41
3860,禍,41
3861,芻,41
3862,瑁,41
3863,聹,41
3864,翡,41
3865,扶,41
3866,哈,41
3867,粡,41
3868,劃,40
3869,礰,40
3870,恢,40
3871,斡,40
3872,蚊,40
3873,粛,40
3874,鱈,40
3875,填,40
3876,弧,40
3877,欄,40
3878,繦,40
3879,袗,40
3880,楠,40
3881,渦,40
3882,郊,40
3883,膝,40
3884,鏃,40
3886,貯,40
3887,輿,40
3888,刔,40
3889,蛮,40
3890,益,40
3891,貍,40
3892,兩,40
3893,俳,40
3894,讚,40
3895,錙,40
3896,曳,39
3897,惜,39
3898,侶,39
3899,酉,39
3900,ю,39
3901,鯛,39
3902,屠,39
3903,覯,39
3904,潟,39
3905,鷓,39
3906,贇,39
3907,魑,39
3908,患,39
3909,浙,39
3910,隈,39
3911,嘲,39
3912,颶,39
3913,貔,39
3914,糺,39
3915,亶,39
3916,瑯,39
3917,瓸,39
3918,醺,39
3919,羮,39
3920,釤,38
3921,紬,38
3922,旨,38
3923,葦,38
3924,洩,38
3925,妓,38
3926,詔,38
3927,聡,38
3928,撤,38
3929,鱧,38
3930,臥,38
3931,顎,38
3932,姓,38
3933,欖,38
3934,壓,38
3935,鑰,38
3936,條,38
3937,胤,38
3938,寛,38
3939,唄,38
3940,脅,38
3941,曾,38
3942,紐,38
3943,蔕,38
3944,鯤,38
3945,囁,38
3946,寥,38
3947,抹,38
3948,逮,38
3949,儻,38
3950,邊,38
3951,蔑,38
3952,勲,38
3953,鏥,38
3954,躇,38
3955,㊧,38
3956,纛,38
3957,筰,38
3958,礬,38
3959,傲,38
3960,悳,38
3961,誨,38
3962,粳,38
3963,魎,38
3964,縡,38
3965,釀,38
3966,畍,38
3967,珊,37
3968,晋,37
3969,榛,37
3970,遁,37
3971,隻,37
3972,寵,37
3973,厘,37
3974,辨,37
3975,肆,37
3976,甚,37
3977,笥,37
3978,穫,37
3979,鯉,37
3980,賜,37
3981,献,37
3982,湿,37
3983,庶,37
3984,籘,37
3985,敦,37
3986,獰,37
3987,餞,37
3988,瀕,37
3989,矚,37
3990,岻,37
3991,崚,37
3992,幀,37
3993,楳,37
3994,烱,37
3995,瀦,37
3996,蹂,37
3997,轗,37
3998,惡,37
3999,鵬,37
4000,秦,36
4001,燥,36
4002,詐,36
4003,鉛,36
4004,馨,36
4005,衿,36
4006,黛,36
4007,睦,36
4008,墜,36
4009,燬,36
4010,錯,36
4011,滴,36
4012,棋,36
4013,伎,36
4014,駻,36
4015,畚,36
4016,簾,36
4017,棧,36
4018,譴,36
4019,濾,36
4020,綸,36
4021,遙,36
4022,沒,36
4023,椛,36
4024,址,36
4025,莪,36
4026,牆,36
4027,м,36
4028,弩,36
4029,肪,36
4030,娟,36
4031,婀,36
4032,拿,36
4033,諤,36
4034,髢,36
4035,哩,36
4036,腦,36
4037,喩,36
4038,峯,36
4039,顰,36
4040,樋,35
4041,妾,35
4042,請,35
4043,伶,35
4044,瑛,35
4045,淑,35
4046,董,35
4047,廳,35
4048,抽,35
4049,喆,35
4050,邑,35
4051,梢,35
4052,鹸,35
4053,碁,35
4054,拷,35
4055,窄,35
4056,淳,35
4057,盲,35
4058,籀,35
4059,罅,35
4060,鮪,35
4061,舩,35
4062,孰,35
4063,扮,35
4064,杜,35
4065,﨤,35
4066,襷,35
4067,薑,35
4068,貮,35
4069,膣,35
4070,翩,35
4071,虱,35
4072,鄒,35
4073,亳,35
4074,榠,35
4075,歙,35
4076,雜,35
4077,贔,35
4078,頻,35
4079,某,35
4080,烹,34
4081,准,34
4082,彫,34
4083,峨,34
4084,哨,34
4085,摂,34
4086,叙,34
4087,稀,34
4088,秤,34
4089,疎,34
4090,莅,34
4091,懿,34
4092,靨,34
4093,齬,34
4094,蹲,34
4095,絨,34
4096,釞,34
4097,驢,34
4098,奚,34
4099,鈍,34
4100,綻,34
4101,塁,34
4102,鑠,34
4103,麪,34
4104,я,34
4105,礫,33
4106,胆,33
4107,竣,33
4108,践,33
4109,坪,33
4110,鐙,33
4111,酎,33
4112,眷,33
4113,饅,33
4114,蝦,33
4115,鴣,33
4116,壽,33
4117,鏑,33
4118,垢,33
4119,祠,33
4120,沿,33
4121,敢,33
4122,釧,33
4123,縞,33
4124,砺,33
4125,摘,33
4126,倣,33
4127,臈,33
4128,臘,33
4129,癬,33
4130,鱚,33
4131,暘,33
4132,譜,33
4133,鰐,33
4134,犱,33
4135,冨,33
4136,咥,33
4137,愕,33
4138,癢,33
4139,э,33
4140,杓,33
4141,簿,33
4142,峺,33
4143,嶄,33
4144,僣,33
4145,諢,33
4146,瑰,33
4147,慴,33
4148,宋,33
4149,罕,33
4150,廉,33
4151,銕,33
4152,錮,33
4153,顧,32
4154,浸,32
4155,据,32
4156,姐,32
4157,吏,32
4158,趙,32
4159,荊,32
4160,頓,32
4161,蔽,32
4162,峡,32
4163,遵,32
4164,攪,32
4165,禧,32
4166,釈,32
4167,冑,32
4168,鶉,32
4169,芭,32
4170,繃,32
4171,斃,32
4172,覺,32
4173,畢,32
4174,阡,32
4175,撻,32
4176,鏈,32
4177,脾,32
4178,艷,32
4179,圜,32
4180,憧,32
4181,寉,32
4182,橳,32
4183,隅,31
4184,瑚,31
4185,佛,31
4186,欺,31
4187,俄,31
4188,嵩,31
4189,蛋,31
4190,凜,31
4191,苓,31
4192,厭,31
4193,鰍,31
4194,蟻,31
4195,挟,31
4196,櫛,31
4197,琢,31
4198,醪,31
4199,鯱,31
4200,鶴,31
4201,枯,31
4202,埣,31
4203,侖,31
4204,稼,31
4205,把,31
4206,哄,31
4207,淹,31
4208,嫋,31
4209,逗,31
4210,逓,31
4211,熾,31
4212,囃,31
4213,匍,31
4214,迭,31
4215,汢,31
4216,葎,31
4217,朖,31
4218,逼,31
4219,﨧,31
4220,墫,31
4221,彜,31
4222,裴,31
4223,增,31
4224,哂,31
4225,誡,31
4226,處,31
4227,叛,31
4228,藝,31
4229,桀,31
4230,靼,31
4231,弛,30
4232,鴛,30
4233,襟,30
4234,蛸,30
4235,腸,30
4236,餮,30
4237,韈,30
4238,鷦,30
4239,壘,30
4240,菫,30
4241,侑,30
4242,孜,30
4243,蕩,30
4244,祥,30
4245,總,30
4246,穉,30
4247,呱,30
4248,霸,30
4249,牢,30
4250,涜,30
4251,杭,30
4252,雰,30
4253,猪,30
4254,庖,30
4255,瀝,30
4256,惹,30
4257,咢,30
4258,㊨,30
4259,淀,30
4260,緘,30
4261,坎,30
4262,湃,30
4263,鹵,30
4264,励,30
4265,菲,30
4266,粫,30
4267,莓,30
4268,稱,30
4269,胄,30
4270,荵,30
4271,魍,30
4272,虜,30
4273,躅,30
4274,臟,30
4275,獨,30
4276,娼,29
4277,廓,29
4278,其,29
4279,瀧,29
4280,鐸,29
4281,瀘,29
4282,閏,29
4283,娯,29
4284,竍,29
4285,梶,29
4286,聯,29
4287,逎,29
4288,鑄,29
4289,壜,29
4290,澎,29
4291,腿,29
4292,唸,29
4293,晰,29
4294,騏,29
4295,粗,29
4296,椚,29
4297,噺,29
4298,掟,29
4299,齷,29
4300,傅,29
4301,箙,29
4302,緖,29
4303,捶,29
4304,輊,29
4305,婢,29
4306,椴,29
4307,嗜,29
4308,犒,29
4309,誦,29
4310,瀋,29
4311,鯡,29
4312,籤,29
4313,冀,29
4314,鐇,29
4315,蠧,29
4316,郤,29
4317,睇,29
4318,遇,28
4319,舜,28
4320,循,28
4321,僚,28
4322,傭,28
4323,廼,28
4324,袈,28
4325,倹,28
4326,倦,28
4327,鴫,28
4328,腫,28
4329,訟,28
4330,錘,28
4331,亨,28
4332,魏,28
4333,鵄,28
4334,逅,28
4335,篤,28
4336,椡,28
4337,匙,28
4338,摺,28
4339,畝,28
4340,闃,28
4341,詈,28
4342,甯,28
4343,胎,28
4344,殖,28
4346,頚,28
4347,捻,28
4348,紆,28
4349,嵓,28
4350,膜,28
4351,衾,28
4352,嶺,28
4353,舍,28
4354,哺,28
4355,擶,28
4356,噬,28
4357,糅,28
4358,瘡,28
4359,稠,28
4360,嘯,28
4361,躁,28
4362,柎,28
4363,磑,28
4364,頽,28
4365,嘗,27
4366,臾,27
4367,儒,27
4368,弑,27
4369,蓄,27
4370,碇,27
4371,棟,27
4372,籐,27
4373,較,27
4374,晒,27
4375,蟐,27
4376,蟶,27
4377,癲,27
4378,ь,27
4379,舷,27
4380,楊,27
4381,熙,27
4382,奸,27
4383,葹,27
4384,楙,27
4385,耆,27
4386,汾,27
4387,槓,27
4388,潭,27
4389,餡,27
4390,慯,27
4391,潼,27
4392,啣,27
4393,喃,27
4394,傍,27
4395,讓,27
4396,聚,27
4397,眇,27
4398,詛,27
4399,喞,27
4400,栩,27
4401,岬,26
4402,貢,26
4403,粟,26
4404,甥,26
4405,脹,26
4406,咼,26
4407,鞄,26
4408,寤,26
4409,魄,26
4410,疫,26
4411,徃,26
4412,虞,26
4413,馳,26
4414,蓴,26
4415,鷸,26
4416,竧,26
4417,靄,26
4418,裔,26
4419,唹,26
4420,堺,26
4421,珥,26
4422,齋,26
4423,諌,26
4424,累,26
4425,牘,26
4426,緞,26
4427,椒,26
4428,璋,26
4429,蘖,26
4430,縺,26
4431,擲,26
4432,兪,26
4433,臚,26
4434,鱠,26
4435,劦,26
4436,蹈,26
4437,嶽,26
4438,馘,26
4439,麌,26
4440,鉦,25
4441,掻,25
4442,喉,25
4443,促,25
4444,杵,25
4445,薦,25
4446,醍,25
4447,堤,25
4448,栃,25
4449,斈,25
4450,褻,25
4451,跋,25
4452,甫,25
4453,儂,25
4454,梗,25
4455,刷,25
4456,顕,25
4457,謳,25
4458,喬,25
4459,鵜,25
4460,賃,25
4461,粧,25
4462,培,25
4463,蹉,25
4464,爭,25
4465,檻,25
4466,邏,25
4467,鸙,25
4468,籬,25
4469,寮,25
4470,饐,25
4471,穩,25
4472,毋,25
4473,鼕,25
4474,剩,25
4475,榿,25
4476,佩,25
4477,縣,25
4478,猖,25
4479,岷,25
4480,嗷,25
4481,跛,25
4482,徇,25
4483,渺,25
4484,徘,25
4485,煖,25
4486,麿,25
4487,萇,25
4488,洫,25
4489,疹,24
4490,禅,24
4491,浬,24
4492,侠,24
4493,戚,24
4494,饗,24
4495,佑,24
4496,鳶,24
4497,婁,24
4498,稽,24
4499,惟,24
4500,梧,24
4501,裟,24
4502,軟,24
4503,瀚,24
4504,膚,24
4505,嚀,24
4506,忞,24
4507,奢,24
4508,煉,24
4509,澀,24
4510,霖,24
4511,罎,24
4512,繧,24
4513,闖,24
4514,絃,24
4515,竢,24
4516,刧,24
4517,菽,24
4518,訴,24
4519,謡,24
4520,岌,24
4521,詫,24
4522,榴,24
4523,盧,24
4524,閑,24
4525,茘,24
4526,罵,24
4527,琥,24
4528,纖,24
4529,茁,24
4530,牀,24
4531,惘,24
4532,擠,24
4533,蜿,24
4534,氤,24
4535,謠,24
4536,穆,24
4537,楸,24
4538,讖,24
4539,悧,24
4540,黹,24
4541,鈐,24
4542,俗,24
4543,羯,24
4544,遷,23
4545,暫,23
4546,夙,23
4547,裳,23
4548,檀,23
4549,帖,23
4550,黐,23
4551,禺,23
4552,慾,23
4553,但,23
4554,迚,23
4555,蒿,23
4556,拐,23
4557,渇,23
4558,矯,23
4559,捲,23
4560,擦,23
4561,斯,23
4562,祉,23
4563,儡,23
4564,嚥,23
4565,慟,23
4566,纒,23
4567,躓,23
4568,譫,23
4569,隱,23
4570,轄,23
4571,瓷,23
4572,鑪,23
4573,鍜,23
4574,傀,23
4575,冉,23
4576,夘,23
4577,攝,23
4578,錨,23
4579,偏,23
4580,栓,23
4581,疚,23
4582,蜀,23
4583,潛,23
4584,楫,23
4585,傴,23
4586,蝌,23
4587,瀁,23
4588,斷,23
4589,莫,23
4590,歡,23
4591,孳,23
4592,篇,23
4593,硎,22
4594,郵,22
4595,咽,22
4596,脆,22
4597,騰,22
4598,歿,22
4599,鶯,22
4600,鍮,22
4601,蠑,22
4602,徙,22
4603,捉,22
4604,眩,22
4605,闌,22
4606,姥,22
4607,誼,22
4608,罫,22
4609,酵,22
4610,宰,22
4611,栽,22
4612,肢,22
4613,麑,22
4614,匱,22
4615,磽,22
4616,璢,22
4617,嚮,22
4618,曠,22
4619,瞼,22
4620,跨,22
4621,悊,22
4622,飄,22
4623,褐,22
4624,搶,22
4625,煤,22
4626,櫺,22
4627,怐,22
4628,漂,22
4629,箸,22
4630,襠,22
4631,滕,22
4632,憬,22
4633,樮,22
4634,瘤,22
4635,袁,22
4636,俵,22
4637,會,22
4638,櫨,22
4639,嚶,22
4640,錣,22
4641,鰭,22
4642,蠹,22
4643,賤,22
4644,邨,22
4645,槲,22
4646,礦,22
4647,槎,22
4648,瓰,22
4649,蚤,22
4650,脊,21
4651,痩,21
4652,鉈,21
4653,蝿,21
4654,佃,21
4655,肯,21
4656,梱,21
4657,鍔,21
4658,挺,21
4659,庚,21
4660,嚢,21
4661,賑,21
4662,醐,21
4663,嵯,21
4664,殉,21
4665,凭,21
4666,醢,21
4667,Р,21
4668,腔,21
4669,嘴,21
4670,涖,21
4671,孱,21
4672,廟,21
4673,鬘,21
4674,决,21
4675,姜,21
4676,禦,21
4677,簗,21
4678,蔬,21
4679,咎,21
4680,娑,21
4681,翌,21
4682,筅,21
4683,恍,21
4684,歐,21
4685,駢,21
4686,坡,21
4687,碗,21
4688,罌,21
4689,爐,21
4690,蠣,21
4691,雋,21
4692,藁,21
4693,羲,21
4694,饌,21
4695,聾,21
4696,憫,21
4697,舗,21
4698,繼,21
4699,阜,21
4700,腟,21
4701,誧,21
4702,樽,20
4703,陶,20
4704,羸,20
4705,釋,20
4706,蒻,20
4707,筈,20
4708,鴎,20
4709,毅,20
4710,矩,20
4711,昂,20
4712,撒,20
4713,蝉,20
4714,桧,20
4715,靖,20
4716,礼,20
4717,鑞,20
4718,漣,20
4719,粘,20
4720,扨,20
4721,硝,20
4722,錢,20
4723,篷,20
4724,懴,20
4725,粁,20
4726,睨,20
4727,煕,20
4728,葡,20
4729,咳,20
4730,徨,20
4731,濔,20
4732,礙,20
4733,烽,20
4734,劔,20
4735,逍,20
4736,儷,20
4737,庇,20
4738,陛,20
4739,鋏,20
4740,籾,20
4741,哽,20
4742,剽,20
4743,蜈,20
4744,茯,20
4745,杣,20
4746,鐡,20
4747,糲,20
4748,顱,20
4749,釁,20
4750,鱇,20
4751,學,20
4752,傚,20
4753,釘,20
4754,阯,20
4755,瓢,20
4756,襦,20
4757,雎,20
4758,酬,19
4759,祷,19
4760,鈎,19
4761,碕,19
4762,朶,19
4763,菻,19
4764,攴,19
4765,錆,19
4766,甬,19
4767,臉,19
4768,糜,19
4769,艱,19
4770,驎,19
4771,媚,19
4772,蚕,19
4773,呵,19
4774,憤,19
4775,拍,19
4776,藹,19
4777,騾,19
4778,躡,19
4779,吼,19
4780,蔟,19
4781,鮨,19
4782,囂,19
4783,奘,19
4784,厥,19
4785,莽,19
4786,獎,19
4787,嗔,19
4788,遞,19
4789,倢,19
4790,偐,19
4791,呰,19
4792,徊,19
4793,鑽,19
4794,懽,19
4795,鰊,19
4796,礪,19
4797,隧,19
4798,艫,19
4799,筮,19
4800,缺,19
4801,彙,19
4802,舖,19
4803,餒,19
4804,峻,18
4805,膳,18
4806,咆,18
4807,糊,18
4808,叔,18
4809,銚,18
4810,嗽,18
4811,侭,18
4812,絖,18
4813,尭,18
4814,厩,18
4815,硯,18
4816,覽,18
4817,紊,18
4818,蒙,18
4819,孛,18
4820,關,18
4821,餐,18
4822,啄,18
4823,疥,18
4824,肘,18
4825,范,18
4826,箇,18
4827,齧,18
4828,鎹,18
4829,鼬,18
4830,鸚,18
4831,紜,18
4832,揄,18
4833,滸,18
4834,噪,18
4835,籥,18
4836,騁,18
4837,鮠,18
4838,啻,18
4839,樺,18
4840,埃,18
4841,紡,18
4842,颯,18
4843,朷,18
4844,諱,18
4845,彖,18
4846,屆,18
4847,笋,18
4848,侃,18
4849,蓑,18
4850,懺,18
4851,攬,18
4852,攤,18
4853,觀,18
4854,В,18
4855,疂,18
4856,苴,18
4857,纔,18
4858,颱,18
4859,嶮,18
4860,邇,18
4861,髣,18
4862,熨,18
4863,泅,18
4864,罸,18
4865,吻,17
4866,掬,17
4867,槽,17
4868,剱,17
4869,按,17
4870,謂,17
4871,栢,17
4872,萱,17
4873,肱,17
4874,舵,17
4875,壕,17
4876,曦,17
4877,侮,17
4878,謐,17
4879,罟,17
4880,窺,17
4881,堰,17
4882,聶,17
4883,蔓,17
4884,嬾,17
4885,幌,17
4886,嵶,17
4887,蘆,17
4888,糧,17
4889,餾,17
4890,檸,17
4891,簔,17
4892,蠡,17
4893,籌,17
4894,瓱,17
4895,僅,17
4896,刳,17
4897,播,17
4898,劵,17
4899,顆,17
4900,簽,17
4901,佼,17
4902,釆,17
4903,閥,17
4904,沫,17
4905,紛,17
4906,屬,17
4907,奓,17
4908,蓉,17
4909,迸,17
4910,乕,17
4911,昶,17
4912,惆,17
4913,齡,17
4914,絽,17
4915,咨,17
4916,冐,17
4917,碑,17
4918,軅,17
4919,飜,17
4920,衂,17
4921,茹,17
4922,屁,17
4923,黜,17
4924,燔,17
4925,蚫,17
4926,薊,16
4927,靭,16
4928,債,16
4929,瀉,16
4930,蓼,16
4931,儖,16
4932,嬪,16
4933,釗,16
4934,附,16
4935,碓,16
4936,桓,16
4937,畿,16
4938,慌,16
4939,竪,16
4940,呎,16
4941,賈,16
4942,麝,16
4943,軣,16
4944,鞴,16
4945,櫃,16
4946,瞶,16
4947,竇,16
4948,殷,16
4949,鱶,16
4950,鰌,16
4951,窪,16
4952,裾,16
4953,箕,16
4954,鑅,16
4955,寶,16
4956,勒,16
4957,稔,16
4958,訶,16
4959,珈,16
4960,勠,16
4961,盒,16
4962,黽,16
4963,櫢,16
4964,畆,16
4965,阮,16
4966,孅,16
4967,瓏,16
4968,鰔,16
4969,襪,16
4970,轜,16
4971,魘,16
4972,齶,16
4973,膿,16
4974,隗,16
4975,逞,16
4976,幣,16
4977,耄,16
4978,輕,16
4979,壌,15
4980,閨,15
4981,該,15
4982,唾,15
4983,諾,15
4984,黝,15
4985,譱,15
4986,猴,15
4987,贐,15
4988,迢,15
4989,埴,15
4990,駈,15
4991,瑳,15
4992,屡,15
4993,綬,15
4994,湘,15
4995,唆,15
4996,贊,15
4997,蒂,15
4998,糢,15
4999,鰡,15
5000,蒋,15
5001,煎,15
5002,哮,15
5003,鰾,15
5004,矇,15
5005,譏,15
5006,螻,15
5007,享,15
5008,麸,15
5009,鰲,15
5010,鍼,15
5011,螳,15
5012,猗,15
5013,祢,15
5014,漲,15
5015,慄,15
5016,燗,15
5017,㈲,15
5018,咬,15
5019,彿,15
5020,裃,15
5021,荢,15
5022,艪,15
5023,飩,15
5024,毖,15
5025,姚,15
5026,鰰,15
5027,譬,15
5028,孃,15
5029,躄,15
5030,鰥,15
5031,團,15
5032,喘,15
5033,冝,15
5034,廣,15
5035,劭,15
5036,琶,15
5037,珂,15
5038,麼,15
5039,篶,15
5040,螽,15
5041,燒,15
5042,啜,15
5043,埖,15
5044,囿,15
5045,盜,15
5046,鯆,15
5047,輅,15
5048,捷,14
5049,杪,14
5050,鴬,14
5051,砧,14
5052,椙,14
5053,悌,14
5054,拊,14
5055,奕,14
5056,瞑,14
5057,蝗,14
5058,擾,14
5059,訊,14
5060,頗,14
5061,笨,14
5062,鏨,14
5063,犢,14
5064,繩,14
5065,伜,14
5066,鈷,14
5067,酌,14
5068,恕,14
5069,菖,14
5070,莚,14
5071,殱,14
5072,襃,14
5073,鶲,14
5074,羞,14
5075,伉,14
5076,嵜,14
5077,滞,14
5078,轅,14
5079,艝,14
5080,賺,14
5081,羆,14
5082,辭,14
5083,狹,14
5084,瓲,14
5085,纂,14
5086,槐,14
5087,烙,14
5088,坩,14
5089,杦,14
5090,恙,14
5091,籵,14
5092,殍,14
5093,逾,14
5094,祟,14
5095,袱,14
5096,蘗,14
5097,巉,14
5098,矍,14
5099,鶫,14
5100,齣,14
5101,﨣,14
5102,圃,14
5103,瑜,14
5104,囈,14
5105,攫,14
5106,稗,14
5107,颪,14
5108,厠,14
5109,蜷,14
5110,蜻,14
5111,蛉,14
5112,洒,14
5113,皂,14
5114,曷,14
5115,甦,14
5116,匯,14
5117,煥,14
5118,膵,14
5119,銑,13
5120,漸,13
5121,齔,13
5122,倭,13
5123,遮,13
5124,翰,13
5125,沓,13
5126,窒,13
5127,廖,13
5128,瀛,13
5129,濤,13
5130,靠,13
5131,巷,13
5132,懇,13
5133,衽,13
5134,袢,13
5135,煩,13
5136,蕋,13
5137,簪,13
5138,畫,13
5139,廸,13
5140,听,13
5141,鋒,13
5142,崙,13
5143,阻,13
5144,簍,13
5145,襁,13
5146,蔡,13
5147,譛,13
5148,夥,13
5149,凬,13
5150,繞,13
5151,蠕,13
5152,洪,13
5153,廰,13
5154,泗,13
5155,浣,13
5156,碼,13
5157,鐵,13
5158,鰀,13
5159,鹹,13
5160,鏗,13
5161,攘,13
5162,鐫,13
5163,磔,13
5164,蘿,13
5165,讙,13
5166,覊,13
5167,硫,13
5168,舂,13
5169,窩,13
5170,燉,13
5171,衄,13
5172,麈,13
5173,椋,12
5174,迪,12
5175,騨,12
5176,湛,12
5177,轍,12
5178,滲,12
5179,涅,12
5180,款,12
5181,砿,12
5182,濠,12
5183,穀,12
5184,偲,12
5185,匿,12
5186,赶,12
5187,癇,12
5188,肖,12
5189,蕪,12
5190,蕉,12
5191,撰,12
5192,箪,12
5193,奩,12
5194,螂,12
5195,藷,12
5196,靡,12
5197,蕭,12
5198,咄,12
5199,鄭,12
5200,濕,12
5201,簒,12
5202,邀,12
5203,薈,12
5204,鋲,12
5205,偃,12
5206,雉,12
5207,韋,12
5208,蟷,12
5209,蝋,12
5210,瞞,12
5211,蔘,12
5212,萍,12
5213,惇,12
5214,壥,12
5215,塋,12
5216,篏,12
5217,繻,12
5218,鰈,12
5219,艨,12
5220,齟,12
5221,鱆,12
5222,齲,12
5223,瀞,12
5224,隯,12
5225,磐,12
5226,枸,12
5227,况,12
5228,誾,12
5229,坦,12
5230,肺,12
5231,裝,12
5232,嗚,12
5233,鯰,12
5234,裘,12
5235,劑,12
5236,拌,12
5237,諄,12
5238,暢,11
5239,鉤,11
5240,貶,11
5241,吁,11
5242,柘,11
5243,淘,11
5244,甌,11
5245,蟒,11
5246,暈,11
5247,燼,11
5248,扼,11
5249,祀,11
5250,麹,11
5251,腎,11
5252,訂,11
5253,勞,11
5254,鏘,11
5255,羶,11
5256,槇,11
5257,嗅,11
5258,薗,11
5259,頸,11
5260,坤,11
5261,續,11
5262,擁,11
5263,媒,11
5264,櫪,11
5265,譯,11
5266,甕,11
5267,饂,11
5268,覬,11
5269,羌,11
5270,凉,11
5271,扠,11
5272,梟,11
5273,蝠,11
5274,捏,11
5275,荼,11
5276,冤,11
5277,畠,11
5278,俸,11
5279,燻,11
5280,曩,11
5281,剳,11
5282,吋,11
5283,菠,11
5284,肇,11
5285,櫂,11
5286,抉,11
5287,臙,11
5288,窕,11
5289,鰒,11
5290,訃,11
5291,兤,11
5292,姑,11
5293,飆,11
5294,齪,11
5295,邁,11
5296,洌,11
5297,鉾,11
5298,楷,11
5299,蕨,11
5300,艀,11
5301,縒,11
5302,賦,11
5303,簧,11
5304,魯,11
5305,棍,11
5306,靖,11
5307,妲,11
5308,柾,11
5309,彅,11
5310,慇,11
5311,槃,11
5312,盖,11
5313,窗,11
5314,勳,11
5315,痼,11
5316,搓,11
5317,繕,10
5318,堆,10
5319,綜,10
5320,楕,10
5321,朕,10
5322,嬬,10
5323,涛,10
5324,馭,10
5325,籔,10
5326,魲,10
5327,檜,10
5328,鵠,10
5329,醇,10
5330,樟,10
5331,措,10
5332,梯,10
5333,耗,10
5334,覿,10
5335,昧,10
5336,櫚,10
5337,戟,10
5338,蝕,10
5339,遽,10
5340,渹,10
5341,珱,10
5342,霏,10
5343,藺,10
5344,籏,10
5345,蘊,10
5346,鎚,10
5347,藪,10
5348,闕,10
5349,讌,10
5350,蝙,10
5351,莞,10
5352,租,10
5353,諜,10
5354,豁,10
5355,汜,10
5356,陟,10
5357,侊,10
5358,廱,10
5359,巍,10
5360,扣,10
5361,燁,10
5362,酊,10
5363,釛,10
5364,溌,10
5365,咜,10
5366,鐚,10
5367,彁,10
5368,曼,10
5369,逶,10
5370,纃,10
5371,犧,10
5372,籃,10
5373,帋,10
5374,荿,10
5375,檬,10
5376,囎,10
5377,纓,10
5378,姶,10
5379,⑮,10
5380,榮,10
5381,吽,10
5382,汨,10
5383,愈,10
5384,壼,10
5385,缸,10
5386,默,10
5387,盡,10
5388,銈,10
5389,愬,10
5390,鋻,10
5391,膀,10
5392,咯,10